-- phpMyAdmin SQL Dump
-- version 5.1.1
-- https://www.phpmyadmin.net/
--
-- Host: 127.0.0.1
-- Generation Time: Apr 16, 2022 at 03:11 PM
-- Server version: 10.4.21-MariaDB
-- PHP Version: 8.0.11

SET SQL_MODE = "NO_AUTO_VALUE_ON_ZERO";
START TRANSACTION;
SET time_zone = "+00:00";


/*!40101 SET @OLD_CHARACTER_SET_CLIENT=@@CHARACTER_SET_CLIENT */;
/*!40101 SET @OLD_CHARACTER_SET_RESULTS=@@CHARACTER_SET_RESULTS */;
/*!40101 SET @OLD_COLLATION_CONNECTION=@@COLLATION_CONNECTION */;
/*!40101 SET NAMES utf8mb4 */;

--
-- Database: `boikhujo`
--

-- --------------------------------------------------------

--
-- Table structure for table `area`
--

CREATE TABLE `area` (
  `id` int(11) NOT NULL,
  `name` varchar(150) NOT NULL,
  `district_id` int(11) NOT NULL,
  `division_id` int(11) NOT NULL,
  `created` timestamp NOT NULL DEFAULT current_timestamp() ON UPDATE current_timestamp()
) ENGINE=InnoDB DEFAULT CHARSET=utf8mb4;

--
-- Dumping data for table `area`
--

INSERT INTO `area` (`id`, `name`, `district_id`, `division_id`, `created`) VALUES
(1, 'Dhamrai', 1, 1, '2022-03-23 17:45:35'),
(2, 'Dohar', 1, 1, '2022-03-23 17:45:35'),
(3, 'Keraniganj', 1, 1, '2022-03-23 17:45:35'),
(4, 'Nawabganj', 1, 1, '2022-03-23 17:45:35'),
(5, 'Savar', 1, 1, '2022-03-23 17:45:35'),
(6, 'Ramna', 1, 1, '2022-03-23 17:45:35'),
(7, 'Motijheel', 1, 1, '2022-03-23 17:45:35'),
(8, 'Kotwali', 1, 1, '2022-03-23 17:45:35'),
(9, 'Dhanmondi', 1, 1, '2022-03-23 17:45:35'),
(10, 'Mohammadpur', 1, 1, '2022-03-23 17:45:35'),
(11, 'Sutrapur', 1, 1, '2022-03-23 17:45:35'),
(12, 'Tejgaon', 1, 1, '2022-03-23 17:45:35'),
(13, 'Gulshan', 1, 1, '2022-03-23 17:45:35'),
(14, 'Lalbagh', 1, 1, '2022-03-23 17:45:35'),
(15, 'Mirpur', 1, 1, '2022-03-23 17:45:35'),
(16, 'Pallabi', 1, 1, '2022-03-23 17:45:35'),
(17, 'Sabujbag', 1, 1, '2022-03-23 17:45:35'),
(18, 'Cantonment', 1, 1, '2022-03-23 17:45:35'),
(19, 'Demra', 1, 1, '2022-03-23 17:45:35'),
(20, 'Hazaribagh', 1, 1, '2022-03-23 17:45:35'),
(21, 'Shyampur', 1, 1, '2022-03-23 17:45:35'),
(22, 'Badda', 1, 1, '2022-03-23 17:45:35'),
(23, 'Kafrul', 1, 1, '2022-03-23 17:45:35'),
(24, 'Kamringirchar', 1, 1, '2022-03-23 17:45:35'),
(25, 'Khilgaon', 1, 1, '2022-03-23 17:45:35'),
(26, 'Uttara', 1, 1, '2022-03-23 17:45:35'),
(27, 'Shah Ali', 1, 1, '2022-03-23 17:45:35'),
(28, 'Biman Bandar', 1, 1, '2022-03-23 17:45:35'),
(29, 'Paltan', 1, 1, '2022-03-23 17:45:35'),
(30, 'Adabar', 1, 1, '2022-03-23 17:45:35'),
(31, 'Darus Salam', 1, 1, '2022-03-23 17:45:35'),
(32, 'Uttarkhan', 1, 1, '2022-03-23 17:45:35'),
(33, 'Kadamtoli', 1, 1, '2022-03-23 17:45:35'),
(34, 'Gendaria', 1, 1, '2022-03-23 17:45:35'),
(35, 'Chalkbazar', 1, 1, '2022-03-23 17:45:35'),
(36, 'Tejgaon', 1, 1, '2022-03-23 17:45:35'),
(37, 'Turag', 1, 1, '2022-03-23 17:45:35'),
(38, 'Dakhinkhan', 1, 1, '2022-03-23 17:45:35'),
(39, 'Bangshal', 1, 1, '2022-03-23 17:45:35'),
(40, 'Bhashantek', 1, 1, '2022-03-23 17:45:35'),
(41, 'Bhatara', 1, 1, '2022-03-23 17:45:35'),
(42, 'Jatrabari', 1, 1, '2022-03-23 17:45:35'),
(43, 'Rampura', 1, 1, '2022-03-23 17:45:35'),
(44, 'Rupnagar', 1, 1, '2022-03-23 17:45:35'),
(45, 'Sherebangla', 1, 1, '2022-03-23 17:45:35'),
(46, 'Shahjahanpur', 1, 1, '2022-03-23 17:45:35'),
(47, 'Gazipur Sadar', 2, 1, '2022-03-23 17:45:35'),
(48, 'Kaliakair', 2, 1, '2022-03-23 17:45:35'),
(49, 'Kaliganj', 2, 1, '2022-03-23 17:45:35'),
(50, 'Kapasia', 2, 1, '2022-03-23 17:45:35'),
(51, 'Sreepur', 2, 1, '2022-03-23 17:45:35'),
(52, 'Gopalganj Sadar', 3, 1, '2022-03-23 17:45:35'),
(53, 'Kashiani', 3, 1, '2022-03-23 17:45:35'),
(54, 'Kotalipara', 3, 1, '2022-03-23 17:45:35'),
(55, 'Muksudpur', 3, 1, '2022-03-23 17:45:35'),
(56, 'Tungipara', 3, 1, '2022-03-23 17:45:35'),
(57, 'Austagram', 4, 1, '2022-03-23 17:45:35'),
(58, 'Bajitpur', 4, 1, '2022-03-23 17:45:35'),
(59, 'Bhairab', 4, 1, '2022-03-23 17:45:35'),
(60, 'Hossainpur', 4, 1, '2022-03-23 17:45:35'),
(61, 'Itna', 4, 1, '2022-03-23 17:45:35'),
(62, 'Karimganj', 4, 1, '2022-03-23 17:45:35'),
(63, 'Katiadi', 4, 1, '2022-03-23 17:45:35'),
(64, 'Kishoreganj Sadar', 4, 1, '2022-03-23 17:45:35'),
(65, 'Kuliarchar', 4, 1, '2022-03-23 17:45:35'),
(66, 'Mithamain', 4, 1, '2022-03-23 17:45:35'),
(67, 'Nikli', 4, 1, '2022-03-23 17:45:35'),
(68, 'Pakundia', 4, 1, '2022-03-23 17:45:35'),
(69, 'Tarail', 4, 1, '2022-03-23 17:45:35'),
(70, 'Rajoir', 5, 1, '2022-03-23 17:45:35'),
(71, 'Madaripur Sadar', 5, 1, '2022-03-23 17:45:35'),
(72, 'Kalkini', 5, 1, '2022-03-23 17:45:35'),
(73, 'Shibchar', 5, 1, '2022-03-23 17:45:35'),
(74, 'Dasar', 5, 1, '2022-03-23 17:45:35'),
(75, 'Daulatpur', 6, 1, '2022-03-23 17:45:35'),
(76, 'Ghior', 6, 1, '2022-03-23 17:45:35'),
(77, 'Harirampur', 6, 1, '2022-03-23 17:45:35'),
(78, 'Manikgonj Sadar', 6, 1, '2022-03-23 17:45:35'),
(79, 'Saturia', 6, 1, '2022-03-23 17:45:35'),
(80, 'Shivalaya', 6, 1, '2022-03-23 17:45:35'),
(81, 'Singair', 6, 1, '2022-03-23 17:45:35'),
(82, 'Gazaria', 7, 1, '2022-03-23 17:45:35'),
(83, 'Lohajang', 7, 1, '2022-03-23 17:45:35'),
(84, 'Munshiganj Sadar', 7, 1, '2022-03-23 17:45:35'),
(85, 'Sirajdikhan', 7, 1, '2022-03-23 17:45:35'),
(86, 'Sreenagar', 7, 1, '2022-03-23 17:45:35'),
(87, 'Tongibari', 7, 1, '2022-03-23 17:45:35'),
(88, 'Araihazar', 8, 1, '2022-03-23 17:45:35'),
(89, 'Bandar', 8, 1, '2022-03-23 17:45:35'),
(90, 'Narayanganj Sadar', 3, 1, '2022-03-23 17:45:35'),
(91, 'Rupganj', 8, 1, '2022-03-23 17:45:35'),
(92, 'Sonargaon', 8, 1, '2022-03-23 17:45:35'),
(93, 'Baliakandi', 9, 1, '2022-03-23 17:45:35'),
(94, 'Goalandaghat', 9, 1, '2022-03-23 17:45:35'),
(95, 'Pangsha', 9, 1, '2022-03-23 17:45:35'),
(96, 'Rajbari Sadar', 9, 1, '2022-03-23 17:45:35'),
(97, 'Kalukhali', 9, 1, '2022-03-23 17:45:35'),
(98, 'Bhedarganj', 10, 1, '2022-03-23 17:45:35'),
(99, 'Damudya', 10, 1, '2022-03-23 17:45:35'),
(100, 'Gosairhat', 10, 1, '2022-03-23 17:45:35'),
(101, 'Naria', 10, 1, '2022-03-23 17:45:35'),
(102, 'Shariatpur Sadar', 3, 1, '2022-03-23 17:45:35'),
(103, 'Zajira', 10, 1, '2022-03-23 17:45:35'),
(104, 'Shakhipur', 10, 1, '2022-03-23 17:45:35'),
(105, 'Alfadanga', 11, 1, '2022-03-23 17:45:35'),
(106, 'Bhanga', 11, 1, '2022-03-23 17:45:35'),
(107, 'Boalmari', 11, 1, '2022-03-23 17:45:35'),
(108, 'Charbhadrasan', 11, 1, '2022-03-23 17:45:35'),
(109, 'Faridpur Sadar', 11, 1, '2022-03-23 17:45:35'),
(110, 'Madhukhali', 11, 1, '2022-03-23 17:45:35'),
(111, 'Nagarkanda', 11, 1, '2022-03-23 17:45:35'),
(112, 'Sadarpur', 11, 1, '2022-03-23 17:45:35'),
(113, 'Saltha', 11, 1, '2022-03-23 17:45:35'),
(114, 'Gopalpur', 12, 1, '2022-03-23 17:45:35'),
(115, 'Basail', 12, 1, '2022-03-23 17:45:35'),
(116, 'Bhuapur', 12, 1, '2022-03-23 17:45:35'),
(117, 'Delduar', 12, 1, '2022-03-23 17:45:35'),
(118, 'Ghatail', 12, 1, '2022-03-23 17:45:35'),
(119, 'Kalihati', 12, 1, '2022-03-23 17:45:35'),
(120, 'Madhupur', 12, 1, '2022-03-23 17:45:35'),
(121, 'Mirzapur', 12, 1, '2022-03-23 17:45:35'),
(122, 'Nagarpur', 12, 1, '2022-03-23 17:45:35'),
(123, 'Sakhipur', 12, 1, '2022-03-23 17:45:35'),
(124, 'Dhanbari', 12, 1, '2022-03-23 17:45:35'),
(125, 'Tangail Sadar', 12, 1, '2022-03-23 17:45:35'),
(126, 'Narsingdi Sadar', 13, 1, '2022-03-23 17:45:35'),
(127, 'Belabo', 13, 1, '2022-03-23 17:45:35'),
(128, 'Monohardi', 13, 1, '2022-03-23 17:45:35'),
(129, 'Palash', 13, 1, '2022-03-23 17:45:35'),
(130, 'Raipura', 13, 1, '2022-03-23 17:45:35'),
(131, 'Shibpur', 13, 1, '2022-03-23 17:45:35'),
(132, 'Ali Kadam', 14, 2, '2022-03-23 17:45:35'),
(133, 'Bandarban Sadar', 14, 2, '2022-03-23 17:45:35'),
(134, 'Lama', 14, 2, '2022-03-23 17:45:35'),
(135, 'Naikhongchhari', 14, 2, '2022-03-23 17:45:35'),
(136, 'Rowangchhari', 14, 2, '2022-03-23 17:45:35'),
(137, 'Ruma', 14, 2, '2022-03-23 17:45:35'),
(138, 'Thanchi', 14, 2, '2022-03-23 17:45:35'),
(139, 'Akhaura', 15, 2, '2022-03-23 17:45:35'),
(140, 'Bancharampur', 15, 2, '2022-03-23 17:45:35'),
(141, 'Brahmanbaria Sadar', 15, 2, '2022-03-23 17:45:35'),
(142, 'Kasba', 15, 2, '2022-03-23 17:45:35'),
(143, 'Nabinagar', 15, 2, '2022-03-23 17:45:35'),
(144, 'Nasirnagar', 15, 2, '2022-03-23 17:45:35'),
(145, 'Sarail', 15, 2, '2022-03-23 17:45:35'),
(146, 'Ashuganj', 15, 2, '2022-03-23 17:45:35'),
(147, 'Bijoynagar', 15, 2, '2022-03-23 17:45:35'),
(148, 'Chandpur Sadar', 16, 2, '2022-03-23 17:45:35'),
(149, 'Faridganj', 16, 2, '2022-03-23 17:45:35'),
(150, 'Haimchar', 16, 2, '2022-03-23 17:45:35'),
(151, 'Haziganj', 16, 2, '2022-03-23 17:45:35'),
(152, 'Kachua', 16, 2, '2022-03-23 17:45:35'),
(153, 'Matlab Dakshin', 16, 2, '2022-03-23 17:45:35'),
(154, 'Matlab Uttar', 16, 2, '2022-03-23 17:45:35'),
(155, 'Shahrasti', 16, 2, '2022-03-23 17:45:35'),
(156, 'Anwara', 17, 2, '2022-03-23 17:45:35'),
(157, 'Banshkhali', 17, 2, '2022-03-23 17:45:35'),
(158, 'Boalkhali', 17, 2, '2022-03-23 17:45:35'),
(159, 'Chandanaish', 17, 2, '2022-03-23 17:45:35'),
(160, 'Fatikchhari', 17, 2, '2022-03-23 17:45:35'),
(161, 'Hathazari', 17, 2, '2022-03-23 17:45:35'),
(162, 'Karnaphuli', 17, 2, '2022-03-23 17:45:35'),
(163, 'Lohagara', 17, 2, '2022-03-23 17:45:35'),
(164, 'Mirsharai', 17, 2, '2022-03-23 17:45:35'),
(165, 'Patiya', 17, 2, '2022-03-23 17:45:35'),
(166, 'Rangunia', 17, 2, '2022-03-23 17:45:35'),
(167, 'Raozan', 17, 2, '2022-03-23 17:45:35'),
(168, 'Sandwip', 17, 2, '2022-03-23 17:45:35'),
(169, 'Satkania', 17, 2, '2022-03-23 17:45:35'),
(170, 'Sitakunda', 17, 2, '2022-03-23 17:45:35'),
(171, 'Barura', 18, 2, '2022-03-23 17:45:35'),
(172, 'Brahmanpara', 18, 2, '2022-03-23 17:45:35'),
(173, 'Burichang', 18, 2, '2022-03-23 17:45:35'),
(174, 'Chandina', 18, 2, '2022-03-23 17:45:35'),
(175, 'Chauddagram', 18, 2, '2022-03-23 17:45:35'),
(176, 'Daudkandi', 18, 2, '2022-03-23 17:45:35'),
(177, 'Debidwar', 18, 2, '2022-03-23 17:45:35'),
(178, 'Homna', 18, 2, '2022-03-23 17:45:35'),
(179, 'Laksam', 18, 2, '2022-03-23 17:45:35'),
(180, 'Lalmai', 18, 2, '2022-03-23 17:45:35'),
(181, 'Muradnagar', 18, 2, '2022-03-23 17:45:35'),
(182, 'Nangalkot', 18, 2, '2022-03-23 17:45:35'),
(183, 'Cumilla Adarsha Sadar', 18, 2, '2022-03-23 17:45:35'),
(184, 'Meghna', 18, 2, '2022-03-23 17:45:35'),
(185, 'Titas', 18, 2, '2022-03-23 17:45:35'),
(186, 'Monohargonj', 18, 2, '2022-03-23 17:45:35'),
(187, 'Cumilla Sadar Dakshi', 18, 2, '2022-03-23 17:45:35'),
(188, 'Chakaria', 19, 2, '2022-03-23 17:45:35'),
(189, 'Cox\'s Bazar Sadar', 19, 2, '2022-03-23 17:45:35'),
(190, 'Kutubdia', 19, 2, '2022-03-23 17:45:35'),
(191, 'Maheshkhali', 19, 2, '2022-03-23 17:45:35'),
(192, 'Ramu', 19, 2, '2022-03-23 17:45:35'),
(193, 'Teknaf', 19, 2, '2022-03-23 17:45:35'),
(194, 'Ukhia', 19, 2, '2022-03-23 17:45:35'),
(195, 'Pekua', 19, 2, '2022-03-23 17:45:35'),
(196, 'Eidgaon', 19, 2, '2022-03-23 17:45:35'),
(197, 'Chhagalnaiya', 20, 2, '2022-03-23 17:45:35'),
(198, 'Daganbhuiyan', 20, 2, '2022-03-23 17:45:35'),
(199, 'Feni Sadar', 20, 2, '2022-03-23 17:45:35'),
(200, 'Parshuram', 20, 2, '2022-03-23 17:45:35'),
(201, 'Sonagazi', 20, 2, '2022-03-23 17:45:35'),
(202, 'Fulgazi', 20, 2, '2022-03-23 17:45:35'),
(203, 'Dighinala', 21, 2, '2022-03-23 17:45:35'),
(204, 'Khagrachhari', 21, 2, '2022-03-23 17:45:35'),
(205, 'Lakshmichhari', 21, 2, '2022-03-23 17:45:35'),
(206, 'Mahalchhari', 21, 2, '2022-03-23 17:45:35'),
(207, 'Manikchhari', 21, 2, '2022-03-23 17:45:35'),
(208, 'Matiranga', 21, 2, '2022-03-23 17:45:35'),
(209, 'Panchhari ', 21, 2, '2022-03-23 17:45:35'),
(210, 'Ramgarh ', 21, 2, '2022-03-23 17:45:35'),
(211, 'Lakshmipur Sadar ', 22, 2, '2022-03-23 17:45:35'),
(212, 'Raipur', 22, 2, '2022-03-23 17:45:35'),
(213, 'Ramganj', 22, 2, '2022-03-23 17:45:35'),
(214, 'Ramgati', 22, 2, '2022-03-23 17:45:35'),
(215, 'Kamalnagar', 22, 2, '2022-03-23 17:45:35'),
(216, 'Begumganj', 23, 2, '2022-03-23 17:45:35'),
(217, 'Noakhali Sadar', 23, 2, '2022-03-23 17:45:35'),
(218, 'Chatkhil', 23, 2, '2022-03-23 17:45:35'),
(219, 'Companiganj', 23, 2, '2022-03-23 17:45:35'),
(220, 'Hatiya', 23, 2, '2022-03-23 17:45:35'),
(221, 'Senbagh', 23, 2, '2022-03-23 17:45:35'),
(222, 'Sonaimuri', 23, 2, '2022-03-23 17:45:35'),
(223, 'Kabirhat', 23, 2, '2022-03-23 17:45:35'),
(224, 'Bagaichhari', 24, 2, '2022-03-23 17:45:35'),
(225, 'Barkal', 24, 2, '2022-03-23 17:45:35'),
(226, 'Kawkhali (Betbunia)', 24, 2, '2022-03-23 17:45:35'),
(227, 'Belaichhari', 24, 2, '2022-03-23 17:45:35'),
(228, 'Kaptai', 24, 2, '2022-03-23 17:45:35'),
(229, 'Juraichhari', 24, 2, '2022-03-23 17:45:35'),
(230, 'Langadu', 24, 2, '2022-03-23 17:45:35'),
(231, 'Naniyachar', 24, 2, '2022-03-23 17:45:35'),
(232, 'Rajasthali', 24, 2, '2022-03-23 17:45:35'),
(233, 'Rangamati Sadar', 24, 2, '2022-03-23 17:45:35'),
(234, 'Amtali', 25, 3, '2022-03-23 17:45:35'),
(235, 'Bamna', 25, 3, '2022-03-23 17:45:35'),
(236, 'Barguna Sadar', 25, 3, '2022-03-23 17:45:35'),
(237, 'Betagi', 25, 3, '2022-03-23 17:45:35'),
(238, 'Patharghata', 25, 3, '2022-03-23 17:45:35'),
(239, 'Taltali', 25, 3, '2022-03-23 17:45:35'),
(240, 'Agailjhara', 26, 3, '2022-03-23 17:45:35'),
(241, 'Babuganj', 26, 3, '2022-03-23 17:45:35'),
(242, 'Bakerganj', 26, 3, '2022-03-23 17:45:35'),
(243, 'Banaripara', 26, 3, '2022-03-23 17:45:35'),
(244, 'Gaurnadi', 26, 3, '2022-03-23 17:45:35'),
(245, 'Hizla', 26, 3, '2022-03-23 17:45:35'),
(246, 'Barishal Sadar', 26, 3, '2022-03-23 17:45:35'),
(247, 'Mehendiganj', 26, 3, '2022-03-23 17:45:35'),
(248, 'Muladi', 26, 3, '2022-03-23 17:45:35'),
(249, 'Wazirpur', 26, 3, '2022-03-23 17:45:35'),
(250, 'Bhola Sadar', 27, 3, '2022-03-23 17:45:35'),
(251, 'Burhanuddin', 27, 3, '2022-03-23 17:45:35'),
(252, 'Char Fasson', 27, 3, '2022-03-23 17:45:35'),
(253, 'Daulatkhan', 27, 3, '2022-03-23 17:45:35'),
(254, 'Lalmohan', 27, 3, '2022-03-23 17:45:35'),
(255, 'Manpura', 27, 3, '2022-03-23 17:45:35'),
(256, 'Tazumuddin', 27, 3, '2022-03-23 17:45:35'),
(257, 'Jhalokati Sadar', 28, 3, '2022-03-23 17:45:35'),
(258, 'Kathalia', 28, 3, '2022-03-23 17:45:35'),
(259, 'Nalchity', 28, 3, '2022-03-23 17:45:35'),
(260, 'Rajapur', 28, 3, '2022-03-23 17:45:35'),
(261, 'Bauphal', 29, 3, '2022-03-23 17:45:35'),
(262, 'Dashmina', 29, 3, '2022-03-23 17:45:35'),
(263, 'Galachipa', 29, 3, '2022-03-23 17:45:35'),
(264, 'Kalapara', 29, 3, '2022-03-23 17:45:35'),
(265, 'Mirzaganj', 29, 3, '2022-03-23 17:45:35'),
(266, 'Patuakhali Sadar', 29, 3, '2022-03-23 17:45:35'),
(267, 'Rangabali', 29, 3, '2022-03-23 17:45:35'),
(268, 'Dumki', 29, 3, '2022-03-23 17:45:35'),
(269, 'Bhandaria', 30, 3, '2022-03-23 17:45:35'),
(270, 'Kawkhali', 30, 3, '2022-03-23 17:45:35'),
(271, 'Mathbaria', 30, 3, '2022-03-23 17:45:35'),
(272, 'Nazirpur', 30, 3, '2022-03-23 17:45:35'),
(273, 'Pirojpur Sadar', 30, 3, '2022-03-23 17:45:35'),
(274, 'Nesarabad (Swarupkati)', 30, 3, '2022-03-23 17:45:35'),
(275, 'Indurkani', 30, 3, '2022-03-23 17:45:35'),
(276, 'Bagerhat Sadar', 31, 4, '2022-03-23 17:45:35'),
(277, 'Chitalmari', 31, 4, '2022-03-23 17:45:35'),
(278, 'Fakirhat', 31, 4, '2022-03-23 17:45:35'),
(279, 'Kachua', 31, 4, '2022-03-23 17:45:35'),
(280, 'Mollahat', 31, 4, '2022-03-23 17:45:35'),
(281, 'Mongla', 31, 4, '2022-03-23 17:45:35'),
(282, 'Morrelganj', 31, 4, '2022-03-23 17:45:35'),
(283, 'Rampal', 31, 4, '2022-03-23 17:45:35'),
(284, 'Sarankhola', 31, 4, '2022-03-23 17:45:35'),
(285, 'Alamdanga', 32, 4, '2022-03-23 17:45:35'),
(286, 'Chuadanga Sadar', 32, 4, '2022-03-23 17:45:35'),
(287, 'Damurhuda', 32, 4, '2022-03-23 17:45:35'),
(288, 'Jibannagar', 32, 4, '2022-03-23 17:45:35'),
(289, 'Abhaynagar', 33, 4, '2022-03-23 17:45:35'),
(290, 'Bagherpara', 33, 4, '2022-03-23 17:45:35'),
(291, 'Chaugachha', 33, 4, '2022-03-23 17:45:35'),
(292, 'Jhikargachha', 33, 4, '2022-03-23 17:45:35'),
(293, 'Keshabpur', 33, 4, '2022-03-23 17:45:35'),
(294, 'Jashore Sadar', 33, 4, '2022-03-23 17:45:35'),
(295, 'Manirampur', 33, 4, '2022-03-23 17:45:35'),
(296, 'Sharsha', 33, 4, '2022-03-23 17:45:35'),
(297, 'Harinakunda', 34, 4, '2022-03-23 17:45:35'),
(298, 'Jhenaidah Sadar', 34, 4, '2022-03-23 17:45:35'),
(299, 'Kaliganj', 34, 4, '2022-03-23 17:45:35'),
(300, 'Kotchandpur', 34, 4, '2022-03-23 17:45:35'),
(301, 'Maheshpur', 34, 4, '2022-03-23 17:45:35'),
(302, 'Shailkupa', 34, 4, '2022-03-23 17:45:35'),
(303, 'Batiaghata', 35, 4, '2022-03-23 17:45:35'),
(304, 'Dacope', 35, 4, '2022-03-23 17:45:35'),
(305, 'Dumuria', 35, 4, '2022-03-23 17:45:35'),
(306, 'Dighalia', 35, 4, '2022-03-23 17:45:35'),
(307, 'Koyra', 35, 4, '2022-03-23 17:45:35'),
(308, 'Paikgachha', 35, 4, '2022-03-23 17:45:35'),
(309, 'Phultala', 35, 4, '2022-03-23 17:45:35'),
(310, 'Rupsha', 35, 4, '2022-03-23 17:45:35'),
(311, 'Terokhada', 35, 4, '2022-03-23 17:45:35'),
(312, 'Bheramara', 36, 4, '2022-03-23 17:45:35'),
(313, 'Daulatpur', 36, 4, '2022-03-23 17:45:35'),
(314, 'Khoksa', 36, 4, '2022-03-23 17:45:35'),
(315, 'Kumarkhali', 36, 4, '2022-03-23 17:45:35'),
(316, 'Kushtia Sadar', 36, 4, '2022-03-23 17:45:35'),
(317, 'Mirpur', 36, 4, '2022-03-23 17:45:35'),
(318, 'Magura Sadar', 37, 4, '2022-03-23 17:45:35'),
(319, 'Mohammadpur', 37, 4, '2022-03-23 17:45:35'),
(320, 'Shalikha', 37, 4, '2022-03-23 17:45:35'),
(321, 'Sreepur', 37, 4, '2022-03-23 17:45:35'),
(322, 'Gangni', 38, 4, '2022-03-23 17:45:35'),
(323, 'Meherpur Sadar', 38, 4, '2022-03-23 17:45:35'),
(324, 'Mujibnagar', 38, 4, '2022-03-23 17:45:35'),
(325, 'Kalia', 39, 4, '2022-03-23 17:45:35'),
(326, 'Lohagara', 39, 4, '2022-03-23 17:45:35'),
(327, 'Narail Sadar', 39, 4, '2022-03-23 17:45:35'),
(328, 'Naragati', 39, 4, '2022-03-23 17:45:35'),
(329, 'Assasuni', 40, 4, '2022-03-23 17:45:35'),
(330, 'Debhata', 40, 4, '2022-03-23 17:45:35'),
(331, 'Kalaroa', 40, 4, '2022-03-23 17:45:35'),
(332, 'Kaliganj', 40, 4, '2022-03-23 17:45:35'),
(333, 'Satkhira Sadar', 40, 4, '2022-03-23 17:45:35'),
(334, 'Shyamnagar', 40, 4, '2022-03-23 17:45:35'),
(335, 'Tala', 40, 4, '2022-03-23 17:45:35'),
(336, 'Adamdighi', 41, 5, '2022-03-23 17:45:35'),
(337, 'Bogura Sadar', 41, 5, '2022-03-23 17:45:35'),
(338, 'Dhunat', 41, 5, '2022-03-23 17:45:35'),
(339, 'Dhupchanchia', 41, 5, '2022-03-23 17:45:35'),
(340, 'Gabtali', 41, 5, '2022-03-23 17:45:35'),
(341, 'Kahaloo', 41, 5, '2022-03-23 17:45:35'),
(342, 'Nandigram', 41, 5, '2022-03-23 17:45:35'),
(343, 'Sariakandi', 41, 5, '2022-03-23 17:45:35'),
(344, 'Shajahanpur', 41, 5, '2022-03-23 17:45:35'),
(345, 'Sherpur', 41, 5, '2022-03-23 17:45:35'),
(346, 'Shibganj', 41, 5, '2022-03-23 17:45:35'),
(347, 'Sonatola', 41, 5, '2022-03-23 17:45:35'),
(348, 'Akkelpur', 42, 5, '2022-03-23 17:45:35'),
(349, 'Joypurhat Sadar', 42, 5, '2022-03-23 17:45:35'),
(350, 'Kalai', 42, 5, '2022-03-23 17:45:35'),
(351, 'Khetlal', 42, 5, '2022-03-23 17:45:35'),
(352, 'Panchbibi', 42, 5, '2022-03-23 17:45:35'),
(353, 'Atrai', 42, 5, '2022-03-23 17:45:35'),
(354, 'Badalgachhi', 42, 5, '2022-03-23 17:45:35'),
(355, 'Manda', 42, 5, '2022-03-23 17:45:35'),
(356, 'Dhamoirhat', 43, 5, '2022-03-23 17:45:35'),
(357, 'Mohadevpur', 43, 5, '2022-03-23 17:45:35'),
(358, 'Naogaon Sadar', 43, 5, '2022-03-23 17:45:35'),
(359, 'Niamatpur', 43, 5, '2022-03-23 17:45:35'),
(360, 'Patnitala', 43, 5, '2022-03-23 17:45:35'),
(361, 'Porsha', 43, 5, '2022-03-23 17:45:35'),
(362, 'Raninagar', 43, 5, '2022-03-23 17:45:35'),
(363, 'Sapahar', 43, 5, '2022-03-23 17:45:35'),
(364, 'Bagatipara', 44, 5, '2022-03-23 17:45:35'),
(365, 'Baraigram', 44, 5, '2022-03-23 17:45:35'),
(366, 'Gurudaspur', 44, 5, '2022-03-23 17:45:35'),
(367, 'Lalpur', 44, 5, '2022-03-23 17:45:35'),
(368, 'Natore Sadar', 44, 5, '2022-03-23 17:45:35'),
(369, 'Singra', 44, 5, '2022-03-23 17:45:35'),
(370, 'Naldanga', 44, 5, '2022-03-23 17:45:35'),
(371, 'Bholahat', 45, 5, '2022-03-23 17:45:35'),
(372, 'Gomastapur', 45, 5, '2022-03-23 17:45:35'),
(373, 'Nawabganj Sadar', 45, 5, '2022-03-23 17:45:35'),
(374, 'Shibganj', 45, 5, '2022-03-23 17:45:35'),
(375, 'Atgharia', 46, 5, '2022-03-23 17:45:35'),
(376, 'Bera', 46, 5, '2022-03-23 17:45:35'),
(377, 'Bhangura', 46, 5, '2022-03-23 17:45:35'),
(378, 'Chatmohar', 46, 5, '2022-03-23 17:45:35'),
(379, 'Faridpur', 46, 5, '2022-03-23 17:45:35'),
(380, 'Ishwardi', 46, 5, '2022-03-23 17:45:35'),
(381, 'Pabna Sadar', 46, 5, '2022-03-23 17:45:35'),
(382, 'Santhia', 46, 5, '2022-03-23 17:45:35'),
(383, 'Sujanagar', 46, 5, '2022-03-23 17:45:35'),
(384, 'Bagha', 47, 5, '2022-03-23 17:45:35'),
(385, 'Bagmara', 47, 5, '2022-03-23 17:45:35'),
(386, 'Charghat', 47, 5, '2022-03-23 17:45:35'),
(387, 'Durgapur', 47, 5, '2022-03-23 17:45:35'),
(388, 'Godagari', 47, 5, '2022-03-23 17:45:35'),
(389, 'Mohanpur', 47, 5, '2022-03-23 17:45:35'),
(390, 'Paba', 47, 5, '2022-03-23 17:45:35'),
(391, 'Puthia', 47, 5, '2022-03-23 17:45:35'),
(392, 'Tanore', 47, 5, '2022-03-23 17:45:35'),
(393, 'Belkuchi', 48, 5, '2022-03-23 17:45:35'),
(394, 'Chauhali', 48, 5, '2022-03-23 17:45:35'),
(395, 'Kamarkhanda', 48, 5, '2022-03-23 17:45:35'),
(396, 'Kazipur', 48, 5, '2022-03-23 17:45:35'),
(397, 'Raiganj', 48, 5, '2022-03-23 17:45:35'),
(398, 'Shahjadpur', 48, 5, '2022-03-23 17:45:35'),
(399, 'Sirajganj Sadar', 48, 5, '2022-03-23 17:45:35'),
(400, 'Tarash', 48, 5, '2022-03-23 17:45:35'),
(401, 'Ullahpara', 48, 5, '2022-03-23 17:45:35'),
(402, 'Ajmiriganj', 49, 6, '2022-03-23 17:45:35'),
(403, 'Bahubal', 49, 6, '2022-03-23 17:45:35'),
(404, 'Baniyachong', 49, 6, '2022-03-23 17:45:35'),
(405, 'Chunarughat', 49, 6, '2022-03-23 17:45:35'),
(406, 'Habiganj Sadar', 49, 6, '2022-03-23 17:45:35'),
(407, 'Lakhai', 49, 6, '2022-03-23 17:45:35'),
(408, 'Madhabpur', 49, 6, '2022-03-23 17:45:35'),
(409, 'Nabiganj', 49, 6, '2022-03-23 17:45:35'),
(410, 'Shayestaganj', 49, 6, '2022-03-23 17:45:35'),
(411, 'Barlekha', 50, 6, '2022-03-23 17:45:35'),
(412, 'Juri', 50, 6, '2022-03-23 17:45:35'),
(413, 'Kamalganj', 50, 6, '2022-03-23 17:45:35'),
(414, 'Kulaura', 50, 6, '2022-03-23 17:45:35'),
(415, 'Moulvibazar Sadar', 50, 6, '2022-03-23 17:45:35'),
(416, 'Rajnagar', 50, 6, '2022-03-23 17:45:35'),
(417, 'Sreemangal', 50, 6, '2022-03-23 17:45:35'),
(418, 'Bishwamvarpur', 51, 6, '2022-03-23 17:45:35'),
(419, 'Chhatak', 51, 6, '2022-03-23 17:45:35'),
(420, 'Shantiganj', 51, 6, '2022-03-23 17:45:35'),
(421, 'Derai', 51, 6, '2022-03-23 17:45:35'),
(422, 'Dharamapasha', 51, 6, '2022-03-23 17:45:35'),
(423, 'Dowarabazar', 51, 6, '2022-03-23 17:45:35'),
(424, 'Jagannathpur', 51, 6, '2022-03-23 17:45:35'),
(425, 'Jamalganj', 51, 6, '2022-03-23 17:45:35'),
(426, 'Sullah', 51, 6, '2022-03-23 17:45:35'),
(427, 'Sunamganj Sadar', 51, 6, '2022-03-23 17:45:35'),
(428, 'Tahirpur', 51, 6, '2022-03-23 17:45:35'),
(429, 'Modhyanagar', 51, 6, '2022-03-23 17:45:35'),
(430, 'Balaganj', 52, 6, '2022-03-23 17:45:35'),
(431, 'Beanibazar', 52, 6, '2022-03-23 17:45:35'),
(432, 'Bishwanath', 52, 6, '2022-03-23 17:45:35'),
(433, 'Companigonj', 52, 6, '2022-03-23 17:45:35'),
(434, 'Dakshin Surma', 52, 6, '2022-03-23 17:45:35'),
(435, 'Fenchuganj', 52, 6, '2022-03-23 17:45:35'),
(436, 'Golapganj', 52, 6, '2022-03-23 17:45:35'),
(437, 'Gowainghat', 52, 6, '2022-03-23 17:45:35'),
(438, 'Jaintiapur', 52, 6, '2022-03-23 17:45:35'),
(439, 'Kanaighat', 52, 6, '2022-03-23 17:45:35'),
(440, 'Osmani Nagar', 52, 6, '2022-03-23 17:45:35'),
(441, 'Sylhet Sadar', 52, 6, '2022-03-23 17:45:35'),
(442, 'Zakiganj', 52, 6, '2022-03-23 17:45:35'),
(443, 'Birampur', 53, 7, '2022-03-23 17:45:35'),
(444, 'Birganj', 53, 7, '2022-03-23 17:45:35'),
(445, 'Biral', 53, 7, '2022-03-23 17:45:35'),
(446, 'Bochaganj', 53, 7, '2022-03-23 17:45:35'),
(447, 'Chirirbandar', 53, 7, '2022-03-23 17:45:35'),
(448, 'Phulbari', 53, 7, '2022-03-23 17:45:35'),
(449, 'Ghoraghat', 53, 7, '2022-03-23 17:45:35'),
(450, 'Hakimpur', 53, 7, '2022-03-23 17:45:35'),
(451, 'Kaharole', 53, 7, '2022-03-23 17:45:35'),
(452, 'Khansama', 53, 7, '2022-03-23 17:45:35'),
(453, 'Dinajpur Sadar', 53, 7, '2022-03-23 17:45:35'),
(454, 'Nawabganj', 53, 7, '2022-03-23 17:45:35'),
(455, 'Parbatipur', 53, 7, '2022-03-23 17:45:35'),
(456, 'Phulchhari', 54, 7, '2022-03-23 17:45:35'),
(457, 'Gaibandha Sadar', 54, 7, '2022-03-23 17:45:35'),
(458, 'Gobindaganj', 54, 7, '2022-03-23 17:45:35'),
(459, 'Palashbari', 54, 7, '2022-03-23 17:45:35'),
(460, 'Sadullapur', 54, 7, '2022-03-23 17:45:35'),
(461, 'Sughatta', 54, 7, '2022-03-23 17:45:35'),
(462, 'Sundarganj', 54, 7, '2022-03-23 17:45:35'),
(463, 'Bhurungamari', 55, 7, '2022-03-23 17:45:35'),
(464, 'Char Rajibpur', 55, 7, '2022-03-23 17:45:35'),
(465, 'Chilmari', 55, 7, '2022-03-23 17:45:35'),
(466, 'Phulbari', 55, 7, '2022-03-23 17:45:35'),
(467, 'Kurigram Sadar', 55, 7, '2022-03-23 17:45:35'),
(468, 'Nageshwari', 55, 7, '2022-03-23 17:45:35'),
(469, 'Rajarhat', 55, 7, '2022-03-23 17:45:35'),
(470, 'Raomari', 55, 7, '2022-03-23 17:45:35'),
(471, 'Ulipur', 55, 7, '2022-03-23 17:45:35'),
(472, 'Aditmari', 56, 7, '2022-03-23 17:45:35'),
(473, 'Hatibandha', 56, 7, '2022-03-23 17:45:35'),
(474, 'Kaliganj', 56, 7, '2022-03-23 17:45:35'),
(475, 'Lalmonirhat Sadar', 56, 7, '2022-03-23 17:45:35'),
(476, 'Patgram ', 56, 7, '2022-03-23 17:45:35'),
(477, 'Dimla', 57, 7, '2022-03-23 17:45:35'),
(478, 'Domar', 57, 7, '2022-03-23 17:45:35'),
(479, 'Jaldhaka', 57, 7, '2022-03-23 17:45:35'),
(480, 'Kishoreganj', 57, 7, '2022-03-23 17:45:35'),
(481, 'Nilphamari Sadar', 57, 7, '2022-03-23 17:45:35'),
(482, 'Saidpur', 57, 7, '2022-03-23 17:45:35'),
(483, 'Atwari', 58, 7, '2022-03-23 17:45:35'),
(484, 'Boda', 58, 7, '2022-03-23 17:45:35'),
(485, 'Debiganj', 58, 7, '2022-03-23 17:45:35'),
(486, 'Panchagarh Sadar', 58, 7, '2022-03-23 17:45:35'),
(487, 'Tetulia', 58, 7, '2022-03-23 17:45:35'),
(488, 'Badarganj', 59, 7, '2022-03-23 17:45:35'),
(489, 'Gangachhara', 59, 7, '2022-03-23 17:45:35'),
(490, 'Kaunia', 59, 7, '2022-03-23 17:45:35'),
(491, 'Rangpur Sadar', 59, 7, '2022-03-23 17:45:35'),
(492, 'Mithapukur', 59, 7, '2022-03-23 17:45:35'),
(493, 'Pirgachha', 59, 7, '2022-03-23 17:45:35'),
(494, 'Pirganj', 59, 7, '2022-03-23 17:45:35'),
(495, 'Taraganj', 59, 7, '2022-03-23 17:45:35'),
(496, 'Baliadangi', 60, 7, '2022-03-23 17:45:35'),
(497, 'Haripur', 60, 7, '2022-03-23 17:45:35'),
(498, 'Pirganj', 60, 7, '2022-03-23 17:45:35'),
(499, 'Ranisankail', 60, 7, '2022-03-23 17:45:35'),
(500, 'Thakurgaon Sadar', 60, 7, '2022-03-23 17:45:35'),
(501, 'Baksiganj', 61, 8, '2022-03-23 17:45:35'),
(502, 'Dewanganj', 61, 8, '2022-03-23 17:45:35'),
(503, 'Islampur', 61, 8, '2022-03-23 17:45:35'),
(504, 'Jamalpur Sadar', 61, 8, '2022-03-23 17:45:35'),
(505, 'Madarganj', 61, 8, '2022-03-23 17:45:35'),
(506, 'Melandaha', 61, 8, '2022-03-23 17:45:35'),
(507, 'Sarishabari', 61, 8, '2022-03-23 17:45:35'),
(508, 'Trishal', 62, 8, '2022-03-23 17:45:35'),
(509, 'Dhobaura', 62, 8, '2022-03-23 17:45:35'),
(510, 'Fulbaria', 62, 8, '2022-03-23 17:45:35'),
(511, 'Gafargaon', 62, 8, '2022-03-23 17:45:35'),
(512, 'Gauripur', 62, 8, '2022-03-23 17:45:35'),
(513, 'Haluaghat', 62, 8, '2022-03-23 17:45:35'),
(514, 'Ishwarganj', 62, 8, '2022-03-23 17:45:35'),
(515, 'Mymensingh Sadar', 62, 8, '2022-03-23 17:45:35'),
(516, 'Muktagachha', 62, 8, '2022-03-23 17:45:35'),
(517, 'Nandail', 62, 8, '2022-03-23 17:45:35'),
(518, 'Phulpur', 62, 8, '2022-03-23 17:45:35'),
(519, 'Bhaluka', 62, 8, '2022-03-23 17:45:35'),
(520, 'Tara Khanda', 62, 8, '2022-03-23 17:45:35'),
(521, 'Atpara', 63, 8, '2022-03-23 17:45:35'),
(522, 'Barhatta', 63, 8, '2022-03-23 17:45:35'),
(523, 'Durgapur', 63, 8, '2022-03-23 17:45:35'),
(524, 'Khaliajuri', 63, 8, '2022-03-23 17:45:35'),
(525, 'Kalmakanda', 63, 8, '2022-03-23 17:45:35'),
(526, 'Kendua', 63, 8, '2022-03-23 17:45:35'),
(527, 'Madan', 63, 8, '2022-03-23 17:45:35'),
(528, 'Mohanganj', 63, 8, '2022-03-23 17:45:35'),
(529, 'Netrokona Sadar', 63, 8, '2022-03-23 17:45:35'),
(530, 'Purbadhala', 63, 8, '2022-03-23 17:45:35'),
(531, 'Jhenaigati', 64, 8, '2022-03-23 17:45:35'),
(532, 'Nakla', 64, 8, '2022-03-23 17:45:35'),
(533, 'Nalitabari', 64, 8, '2022-03-23 17:45:35'),
(534, 'Sherpur Sadar', 64, 8, '2022-03-23 17:45:35'),
(535, 'Sreebardi', 64, 8, '2022-03-23 17:45:35');

-- --------------------------------------------------------

--
-- Table structure for table `author`
--

CREATE TABLE `author` (
  `id` int(11) NOT NULL,
  `name` varchar(255) NOT NULL,
  `details` text DEFAULT NULL,
  `approved` tinyint(2) NOT NULL DEFAULT 1,
  `created` timestamp NOT NULL DEFAULT current_timestamp() ON UPDATE current_timestamp()
) ENGINE=InnoDB DEFAULT CHARSET=utf8mb4;

--
-- Dumping data for table `author`
--

INSERT INTO `author` (`id`, `name`, `details`, `approved`, `created`) VALUES
(1, 'Humayun Ahmed', '', 1, '2022-03-28 12:26:58'),
(2, 'Kazi Nazrul Islam', '', 1, '2022-03-28 12:31:41'),
(3, 'Rabindranath Tagore', '', 1, '2022-03-28 12:31:41'),
(4, 'Abdul Hakim', '', 1, '2022-03-28 12:31:41'),
(5, 'Abu Ishaque', '', 1, '2022-03-28 12:31:41'),
(6, 'Abul Mansur Ahmed', '', 1, '2022-03-28 12:31:41'),
(7, 'Abdullah Abu Sayeed', '', 1, '2022-03-28 12:31:41'),
(8, 'Abdush Shakoor', '', 1, '2022-03-28 12:31:41'),
(9, 'Abu Rushd', '', 1, '2022-03-28 12:31:41'),
(10, 'Abdur Rouf Choudhury', '', 1, '2022-03-28 12:31:41'),
(11, 'Abul Fazal', '', 1, '2022-03-28 12:31:41'),
(12, 'Abdul Mannan Syed', '', 1, '2022-03-28 12:31:41'),
(13, 'Akhteruzzaman Elias', '', 1, '2022-03-28 12:31:41'),
(14, 'Al Mahmud', '', 1, '2022-03-28 12:31:41'),
(15, 'Alaol', '', 1, '2022-03-28 12:31:41'),
(16, 'Alauddin Al-Azad', '', 1, '2022-03-28 12:31:41'),
(17, 'Anisul Hoque', '', 1, '2022-03-28 12:31:41'),
(18, 'Anwar Pasha', '', 1, '2022-03-28 12:31:41'),
(19, 'Aly Zaker', '', 1, '2022-03-28 12:31:41'),
(20, 'Ahsan Habib', '', 1, '2022-03-28 12:31:41'),
(21, 'Ahmed Sofa', '', 1, '2022-03-28 12:31:41'),
(22, 'Aroj Ali Matubbar', '', 1, '2022-03-28 12:31:41'),
(23, 'Asad Chowdhury', '', 1, '2022-03-28 12:31:41'),
(24, 'Bande Ali Mia', '', 1, '2022-03-28 12:31:41'),
(25, 'Begum Rokeya', '', 1, '2022-03-28 12:31:41'),
(26, 'Bipradash Barua', '', 1, '2022-03-28 12:31:41'),
(27, 'Dilwar Khan', '', 1, '2022-03-28 12:31:41'),
(28, 'Dilara Hashem', '', 1, '2022-03-28 12:31:41'),
(29, 'Farah Ghuznavi', '', 1, '2022-03-28 12:31:41'),
(30, 'Farrukh Ahmad', '', 1, '2022-03-28 12:31:41'),
(31, 'Golam Mostofa', '', 1, '2022-03-28 12:31:41'),
(32, 'Harun Ar Rashid', '', 1, '2022-03-28 12:31:41'),
(33, 'Humayun Azad', '', 1, '2022-03-28 12:31:41'),
(34, 'Hasan Azizul Huq', '', 1, '2022-03-28 12:31:41'),
(35, 'Hason Raja', '', 1, '2022-03-28 12:31:41'),
(36, 'Hasnat Abdul Hye', '', 1, '2022-03-28 12:31:41'),
(37, 'Humayun Kabir Dhali', '', 1, '2022-03-28 12:31:41'),
(38, 'Husne Ara Shahed', '', 1, '2022-03-28 12:31:41'),
(39, 'Imdadul Haq Milan', '', 1, '2022-03-28 12:31:41'),
(40, 'Ismail Hossain Siraji', '', 1, '2022-03-28 12:31:41'),
(41, 'Jahanara Imam', '', 1, '2022-03-28 12:31:41'),
(42, 'Jasimuddin', '', 1, '2022-03-28 12:31:41'),
(43, 'Shahid Mahmud Jangi', '', 1, '2022-03-28 12:31:41'),
(44, 'Kaberi Gain', '', 1, '2022-03-28 12:31:41'),
(45, 'Kabir Chowdhury', '', 1, '2022-03-28 12:31:41'),
(46, 'Kaykobad', '', 1, '2022-03-28 12:31:41'),
(47, 'K Anis Ahmed', '', 1, '2022-03-28 12:31:41'),
(48, 'Khondakar Ashraf Hossain', '', 1, '2022-03-28 12:31:41'),
(49, 'Mir Mosharraf Hossain', '', 1, '2022-03-28 12:31:41'),
(50, 'Moinul Ahsan Saber', '', 1, '2022-03-28 12:31:41'),
(51, 'Muhammad Asadullah Al-Ghalib', '', 1, '2022-03-28 12:31:41'),
(52, 'Mohammad Barkatullah', '', 1, '2022-03-28 12:31:41'),
(53, 'Mohammad Lutfur Rahman', '', 1, '2022-03-28 12:31:41'),
(54, 'Mokbula Manzoor', '', 1, '2022-03-28 12:31:41'),
(55, 'Mohammad Nurul Huda', '', 1, '2022-03-28 12:31:41'),
(56, 'MymeMuhammed Zafar Iqbalnsingh', '', 1, '2022-03-28 12:31:41'),
(57, 'Muhammad Mansuruddin', '', 1, '2022-03-28 12:31:41'),
(58, 'Muhammad Shahidullah', '', 1, '2022-03-28 12:31:41'),
(59, 'Munier Choudhury', '', 1, '2022-03-28 12:31:41'),
(60, 'M Sakhawat Hossain', '', 1, '2022-03-28 12:31:41'),
(61, 'Nurul Momen', '', 1, '2022-03-28 12:31:41'),
(62, 'Nirmalendu Goon', '', 1, '2022-03-28 12:31:41'),
(63, 'Neamat Imam', '', 1, '2022-03-28 12:31:41'),
(64, 'Nilima Ibrahim', '', 1, '2022-03-28 12:31:41'),
(65, 'Rahat Khan', '', 1, '2022-03-28 12:31:41'),
(66, 'Rashid Askari', '', 1, '2022-03-28 12:31:41'),
(67, 'Rashid Haider', '', 1, '2022-03-28 12:31:41'),
(68, 'Rashid Karim', '', 1, '2022-03-28 12:31:41'),
(69, 'Razia Khan', '', 1, '2022-03-28 12:31:41'),
(70, 'Rizia Rahman', '', 1, '2022-03-28 12:31:41'),
(71, 'Rudra Mohammad Shahidullah', '', 1, '2022-03-28 12:31:41'),
(72, 'Sadat Hossain', '', 1, '2022-03-28 12:31:41'),
(73, 'Selim Al Deen', '', 1, '2022-03-28 12:31:41'),
(74, 'Selina Hossain', '', 1, '2022-03-28 12:31:41'),
(75, 'Shaheen Akhtar', '', 1, '2022-03-28 12:31:41'),
(76, 'Shahidullah Kaiser', '', 1, '2022-03-28 12:31:41'),
(77, 'Shahidul Zahir', '', 1, '2022-03-28 12:31:41'),
(78, 'Shamsuddin Abul Kalam', '', 1, '2022-03-28 12:31:41'),
(79, 'Shamsur Rahman', '', 1, '2022-03-28 12:31:41'),
(80, 'Shawkat Ali', '', 1, '2022-03-28 12:31:41'),
(81, 'Shawkat Osman', '', 1, '2022-03-28 12:31:41'),
(82, 'Shazia Omar', '', 1, '2022-03-28 12:31:41'),
(83, 'Sufia Kamal', '', 1, '2022-03-28 12:31:41'),
(84, 'Sheikh Fazlul Karim', '', 1, '2022-03-28 12:31:41'),
(85, 'Syed Ali Ahsan', '', 1, '2022-03-28 12:31:41'),
(86, 'Syed Mujtaba Ali', '', 1, '2022-03-28 12:31:41'),
(87, 'Syed Shamsul Haque', '', 1, '2022-03-28 12:31:41'),
(88, 'Syed Waliullah', '', 1, '2022-03-28 12:31:41'),
(89, 'Saad Z Hossain', '', 1, '2022-03-28 12:31:41'),
(90, 'Tahmima Anam', '', 1, '2022-03-28 12:31:41'),
(91, 'Zahir Raihan', '', 1, '2022-03-28 12:31:41');

-- --------------------------------------------------------

--
-- Table structure for table `bookposts`
--

CREATE TABLE `bookposts` (
  `id` int(11) NOT NULL,
  `name` varchar(255) NOT NULL,
  `details` varchar(1024) NOT NULL,
  `price1` decimal(10,2) NOT NULL,
  `price2` decimal(10,2) NOT NULL,
  `type` varchar(20) NOT NULL,
  `user_id` int(11) NOT NULL,
  `category_id` int(11) NOT NULL,
  `subcategory_id` int(11) NOT NULL,
  `division_id` int(11) NOT NULL,
  `district_id` int(11) NOT NULL,
  `area_id` int(11) NOT NULL,
  `author_id` int(11) NOT NULL,
  `publications_id` int(11) NOT NULL,
  `images` varchar(512) NOT NULL,
  `created` timestamp NOT NULL DEFAULT current_timestamp() ON UPDATE current_timestamp(),
  `deleted` timestamp NULL DEFAULT NULL
) ENGINE=InnoDB DEFAULT CHARSET=utf8mb4;

--
-- Dumping data for table `bookposts`
--

INSERT INTO `bookposts` (`id`, `name`, `details`, `price1`, `price2`, `type`, `user_id`, `category_id`, `subcategory_id`, `division_id`, `district_id`, `area_id`, `author_id`, `publications_id`, `images`, `created`, `deleted`) VALUES
(6, 'Time Management', 'Time management books are guides that help readers organize tasks and use hours more effectively. These works cover topics such as organization, focus, and defeating procrastination. The purpose of these books is to help professionals arrange their work lives for optimal output and minimal stress.', '500.00', '0.00', 'used', 2, 19, 113, 1, 1, 18, 4, 27, '6248a3ffe429a8.47044891.jpg,6248a3ffe539f1.27557986.jpg,6248a3ffe54d85.25877676.jpg,6248a3ffe560d7.20402340.jpg', '2022-04-02 19:29:03', NULL),
(7, 'Leadership', 'Leadership books are resources that teach leadership competencies, skills, and best practices. These works analyze which qualities great leaders share, and provide frameworks for building effective teams.', '450.00', '0.00', 'used', 2, 8, 86, 5, 45, 374, 20, 84, '6248a51c4c8de9.07570668.jpg,6248a51c4e2725.77238384.jpg,6248a51c4e3a97.57357648.jpg', '2022-04-02 19:33:48', NULL),
(8, 'চরিত্রহীন', 'প্রি-অর্ডারের এই পণ্যটি 31 Mar 2022 তারিখে প্রকাশ পেতে পারে বলে প্রকাশনী থেকে জানানো হয়েছে। তবে দৈব দুর্বিপাক বা বিশেষ কোন কারণে প্রকাশিত হওয়ার তারিখ পরিবর্তন হতেও পারে।', '300.00', '0.00', 'new', 1, 10, 92, 5, 44, 368, 88, 58, '6248b0d40aa288.67903375.jpg,6248b0d40bf593.63858480.jpg,6248b0d40c05a5.62943127.png', '2022-04-02 20:23:48', NULL),
(10, 'sacred path to islam', 'add more details', '350.00', '0.00', 'new', 4, 2, 21, 1, 2, 49, 13, 21, '624968ca7c6f33.96254781.jpg', '2022-04-03 09:28:42', NULL),
(11, 'sacred path to islam', 'add more details', '350.00', '0.00', 'new', 4, 2, 21, 1, 2, 49, 13, 21, '624968ec500fc4.43639588.jpg', '2022-04-03 09:29:16', NULL),
(12, 'summary of holy quran', 'add more ', '120.00', '0.00', 'used', 4, 2, 20, 4, 32, 286, 8, 23, '6249696c30c6e8.13608103.png', '2022-04-03 09:31:24', NULL),
(13, 'Bcs math question bank', ' add in details', '250.00', '0.00', 'used', 4, 3, 70, 5, 43, 359, 16, 84, '62496a0c519141.13585605.jpg', '2022-04-03 09:34:04', NULL),
(14, 'science', 'aRF4EUJ', '350.00', '0.00', 'new', 4, 3, 67, 2, 15, 141, 9, 123, '62496a8018bea9.30865581.jpg', '2022-04-03 09:36:00', NULL),
(15, 'PCS', 'MATH RELATED', '350.00', '0.00', 'new', 4, 3, 65, 1, 2, 47, 9, 83, '62496b02c59b97.56091507.jpg', '2022-04-03 09:38:10', NULL),
(16, 'JSC MATH', 'MATH BOOK', '120.00', '0.00', 'new', 4, 3, 66, 4, 32, 285, 11, 21, '62496bab805797.55482236.jpg', '2022-04-03 09:40:59', NULL),
(17, 'HIMU ', 'UPONNAS', '1200.00', '0.00', 'new', 4, 6, 78, 5, 42, 349, 1, 7, '62496c492e72e4.93816836.jpg', '2022-04-03 09:43:37', NULL),
(18, 'PODDA NODIR MAJHI', 'UPONNAS', '1200.00', '0.00', 'new', 4, 5, 76, 3, 27, 250, 60, 22, '62496cd4cea105.09155903.jpg', '2022-04-03 09:45:56', NULL),
(19, 'Shakespeare Rachana Samagra', 'ROCHONA ', '12000.00', '0.00', 'new', 4, 5, 77, 5, 44, 367, 5, 23, '62496d8074d8f1.32230415.jpg', '2022-04-03 09:48:48', NULL),
(20, 'Aaj Robibar', 'details', '300.00', '0.00', 'used', 2, 3, 69, 1, 7, 85, 12, 21, '624aaed26e5911.77073335.jpg,624aaed26fbbb5.99746471.png,624aaed26fc868.76897542.jpg', '2022-04-04 08:39:46', NULL),
(21, 'A brief history of time', 'about the modern science', '650.00', '0.00', 'new', 3, 8, 84, 4, 32, 286, 90, 84, '6252906d0b3797.59050800.jpg', '2022-04-10 08:08:13', NULL),
(22, 'Computer Science', 'Class 2 ', '60.00', '0.00', 'used', 4, 3, 65, 2, 22, 211, 4, 83, '6252908860e520.74678391.jpg', '2022-04-10 08:08:40', NULL),
(23, 'the selfish gene', 'about science and fiction of modern era', '350.00', '0.00', 'used', 3, 8, 85, 7, 57, 478, 8, 78, '625290dd315e03.03705875.jpg', '2022-04-10 08:10:05', NULL),
(24, 'Sey Somoy', 'Uponnas', '140.00', '0.00', 'used', 4, 1, 7, 4, 31, 281, 1, 23, '625291304a0fb4.54856221.jpg', '2022-04-10 08:11:28', NULL),
(25, 'Travelling Home: Essays on Islam in Europe', 'In our age of globalisation and pandemic, how should we react to the new Islamophobic movements now spreading in the West? Everywhere the far right is on the march, with nationalist and populist parties thriving on the back of popular anxieties about Islam and the Muslim presence. Hijab and minaret bans, mosque shootings, hostility to migrants and increasingly scornful media stereotypes seem to endanger the prospects for friendly coexistence and the calm uplifting of Muslim populations. In this series of essays Abdal Hakim Murad dissects the rise of Islamophobia on the basis of Muslim theological tradition. Although the proper response to the current impasse is clearly indicated in Qur’an and Hadith, some have lost the principle of trust in divine wisdom and are responding with hatred, fearfulness or despair. Murad shows that a compassion-based approach, rooted in an authentic theology of divine power, could transform the current quagmire into a bright landscape of great promise for Muslims and their neighbor', '2500.00', '0.00', 'new', 6, 2, 39, 2, 18, 183, 4, 21, '6252913ae6c3d4.27770593.jpg', '2022-04-10 08:11:38', NULL),
(26, 'Ses Bikel Er Meye', 'Novel Book', '160.00', '0.00', 'used', 4, 1, 2, 1, 4, 63, 41, 61, '625291c4852be2.28401887.jpg', '2022-04-10 08:13:56', NULL),
(27, 'Del Kernigi Rachana Shomogro', 'Human psychology', '120.00', '0.00', 'used', 8, 19, 113, 2, 16, 148, 27, 54, '625291c7aaa4d6.45840087.jpg', '2022-04-10 08:13:59', NULL),
(28, 'Maa', 'Motherhood', '120.00', '0.00', 'used', 8, 1, 10, 2, 16, 148, 57, 54, '62529234b1cf13.59701756.jpg', '2022-04-10 08:15:48', NULL),
(29, 'Understanding the Four Madhhabs: The Facts about Ijtihad and Taqlid', 'Why four schools of thought? Is it necessary to follow one? Discussion on these and other questions. A great book for those confused about this subject. Because of the traditional pious fear of distorting the Law of Islam, the overwhelming majority of the great scholars of the past - certainly well over ninety-nine percent of them - have adhered loyally to a madhhab. It is true that in the troubled fourteenth century a handful of dissenters appeared, but even these individuals never recommended that semi-educated Muslims should attempt ijtihad without expert help.', '500.00', '0.00', 'new', 6, 2, 24, 2, 18, 183, 4, 21, '625292359079e0.66430379.jpg', '2022-04-10 08:15:49', NULL),
(30, 'Dighir Jole Kar Chhowa', 'Bangla Uponnas', '250.00', '0.00', 'used', 4, 1, 3, 6, 50, 412, 1, 105, '62529270a77157.52239763.jpg', '2022-04-10 08:16:48', NULL),
(31, 'SECRET GARDEN', 'Lorem Ipsum is simply dummy text of the printing and typesetting industry. Lorem Ipsum has been the industry\'s standard dummy text ever since the 1500s, when an unknown printer took a galley of type and scrambled it to make a type specimen book. It has survived not only five centuries, but also the leap into electronic typesetting, remaining essentially unchanged.', '350.00', '0.00', 'used', 2, 10, 92, 1, 1, 5, 8, 24, '6252929247f372.13233647.jpg', '2022-04-10 08:17:22', NULL),
(32, 'কুটু মিয়া', 'ফ্ল্যাপে লিখা কথা\r\nতার নাম কুটু মিয়া। বয়স চল্লিশ থেকে পঞ্চাশের মধ্যে। সে বাবুর্চি কাজ জানে। বাংলা , ইংলিশ, থাই, মোগলাই সব ধরনের রান্না পারে। পাইলট স্যার তাকে একটা সার্টিফিকেট দিয়েছেন। এই সার্টিফিকেট নিয়ে সে কাজ করতে এসেছে আলাউদ্দিন সাহেবের বাড়িতে।\r\nআলাউদ্দিন সাহেবের কুটু মিয়াকে পছন্দ হলো না। তাঁর নাম হলো কোথাও কোনো সমস্যা আছে। সমস্যা তিনি ধরতে পারছেন না।', '350.00', '0.00', 'used', 6, 10, 92, 1, 1, 12, 1, 72, '62529455af0f67.54951683.jpg', '2022-04-10 08:24:53', NULL),
(33, 'Akas Zora Megh', 'Romantic Novel', '160.00', '0.00', 'used', 4, 1, 3, 7, 57, 478, 1, 21, '625294b5ee2eb7.58219792.jpg', '2022-04-10 08:26:29', NULL),
(34, 'অক্টারিন', 'মার্ডার মিস্ট্রি হয়তো পড়েছেন আগে, কিন্তু পজেশন মিস্ট্রি ?\r\nকোন অশুভ শক্তির ছায়া পড়েছে দেশের অন্যতম প্রভাবশালী পরিবারের একমাত্র মেয়ের ওপর-- সে প্রশ্নের উত্তর খুঁজতে নিয়োগ করা হলো অদ্ভুত এক মানুষকে; অতিপ্রাকৃত ক্ষমতার সাথে যার আছে নিবিড়, তিক্ত অভিজ্ঞতা । কিন্তু তদন্তে ডুব দেবার পরই বুঝতে পারলো চোরাবালি আসলে কতোটা গভীর ।', '300.00', '0.00', 'used', 6, 10, 92, 1, 2, 47, 90, 83, '62529540cbc0d1.91732175.jpg', '2022-04-10 08:28:48', NULL),
(35, 'Putul Nacher Itikotha', 'Bangla novel', '190.00', '0.00', 'used', 4, 1, 7, 5, 44, 367, 59, 7, '625295869bda51.89652543.png', '2022-04-10 08:29:58', NULL),
(36, 'Aj Himur Biye', 'Bangla uponnas', '150.00', '0.00', 'used', 4, 1, 3, 6, 49, 407, 1, 23, '625296408969b5.75671049.jpg', '2022-04-10 08:33:04', NULL),
(37, 'তারানাথ তান্ত্রিক', 'Collection of short Supernatural Tales. The narrator of these tales is Taranath Tantrik, a mystic figure and practitioner of occult. He is an astrologer by profession and had many encounters with the weird in his extensive travels. He shares these experiences with a few friends in his Mott lane house over cups of tea and cigarettes.', '400.00', '0.00', 'used', 6, 10, 92, 1, 13, 127, 49, 23, '625296bb16aa14.76558316.jpg', '2022-04-10 08:35:07', NULL),
(38, 'পিশাচিনী', 'মুহম্মদ জাফর ইকবালের ভৌতিক গল্প সংকলন।\r\n\r\n*পিশাচিনী\r\n*রহমত চাচার একরাত\r\n*সহযাত্রী\r\n*বন্ধ ঘর\r\n*গাড়ি\r\n*মুগাবালী', '250.00', '0.00', 'used', 6, 10, 92, 8, 61, 502, 55, 23, '625298b8b32c34.83597589.jpg', '2022-04-10 08:43:36', NULL),
(39, 'Putul Nacher Itikotha', 'Bangla novel', '190.00', '0.00', 'used', 4, 1, 7, 5, 44, 367, 59, 7, '625299e9869626.44464867.png', '2022-04-10 08:48:41', NULL);

-- --------------------------------------------------------

--
-- Table structure for table `categories`
--

CREATE TABLE `categories` (
  `id` int(11) NOT NULL,
  `name` varchar(255) NOT NULL,
  `created` timestamp NOT NULL DEFAULT current_timestamp() ON UPDATE current_timestamp()
) ENGINE=InnoDB DEFAULT CHARSET=utf8mb4;

--
-- Dumping data for table `categories`
--

INSERT INTO `categories` (`id`, `name`, `created`) VALUES
(1, 'Novels', '2022-03-28 12:40:21'),
(2, 'Islamic Books', '2022-03-28 12:40:21'),
(3, 'Academic', '2022-03-31 10:14:23'),
(4, 'Adventure', '2022-03-31 10:14:29'),
(5, 'Drama', '2022-03-31 10:14:34'),
(6, 'Tragedy', '2022-03-31 10:14:42'),
(7, 'Poetry', '2022-03-31 10:14:55'),
(8, 'Science Fiction', '2022-03-31 10:14:58'),
(9, 'Romantic', '2022-03-31 10:15:06'),
(10, 'Horror', '2022-03-31 10:15:11'),
(11, 'Histry', '2022-03-31 10:15:21'),
(12, 'Business Studies', '2022-03-31 10:15:37'),
(13, 'Magazine', '2022-03-31 10:15:44'),
(14, 'General Knowledge', '2022-03-31 10:16:05'),
(15, 'Sports', '2022-03-31 10:16:17'),
(16, 'Health & Fitness', '2022-03-31 10:16:21'),
(17, 'Journal', '2022-03-31 10:16:25'),
(18, 'Travel', '2022-03-31 10:16:31'),
(19, 'Philosophy', '2022-03-31 10:16:34'),
(20, 'Cooking', '2022-03-31 10:16:37'),
(21, 'Politics', '2022-03-31 10:16:41'),
(22, 'Agriculture & Farmers', '2022-03-31 10:16:49'),
(23, 'Computer, Freelancing and Programming', '2022-03-31 10:16:52'),
(42, 'test', '2022-04-02 10:31:38');

-- --------------------------------------------------------

--
-- Table structure for table `district`
--

CREATE TABLE `district` (
  `id` int(11) NOT NULL,
  `name` varchar(150) NOT NULL,
  `division_id` int(11) NOT NULL,
  `created` timestamp NOT NULL DEFAULT current_timestamp() ON UPDATE current_timestamp()
) ENGINE=InnoDB DEFAULT CHARSET=utf8mb4;

--
-- Dumping data for table `district`
--

INSERT INTO `district` (`id`, `name`, `division_id`, `created`) VALUES
(1, 'Dhaka', 1, '2022-03-23 09:15:54'),
(2, 'Gazipur', 1, '2022-03-23 09:15:54'),
(3, 'Gopalganj', 1, '2022-03-23 09:15:54'),
(4, 'Kishoreganj', 1, '2022-03-23 09:15:54'),
(5, 'Madaripur', 1, '2022-03-23 09:15:54'),
(6, 'Manikganj', 1, '2022-03-23 09:15:54'),
(7, 'Munshiganj', 1, '2022-03-23 09:15:54'),
(8, 'Narayanganj', 1, '2022-03-23 09:15:54'),
(9, 'Rajbari', 1, '2022-03-23 09:15:54'),
(10, 'Shariatpur', 1, '2022-03-23 09:15:54'),
(11, 'Faridpur', 1, '2022-03-23 09:15:54'),
(12, 'Tangail', 1, '2022-03-23 09:15:54'),
(13, 'Narsingdi', 1, '2022-03-23 09:15:54'),
(14, 'Bandarban', 2, '2022-03-23 09:15:54'),
(15, 'Brahmanbaria', 2, '2022-03-23 09:15:54'),
(16, 'Chandpur', 2, '2022-03-23 09:15:54'),
(17, 'Chittagong', 2, '2022-03-23 09:15:54'),
(18, 'Comilla', 2, '2022-03-23 09:15:54'),
(19, 'Cox\'s Bazar', 2, '2022-03-23 09:15:54'),
(20, 'Feni', 2, '2022-03-23 09:15:54'),
(21, 'Khagrachhari', 2, '2022-03-23 09:15:54'),
(22, 'Lakshmipur', 2, '2022-03-23 09:15:54'),
(23, 'Noakhali', 2, '2022-03-23 09:15:54'),
(24, 'Rangamati', 2, '2022-03-23 09:15:54'),
(25, 'Barguna', 3, '2022-03-23 09:15:54'),
(26, 'Barisal', 3, '2022-03-23 09:15:54'),
(27, 'Bhola', 3, '2022-03-23 09:15:54'),
(28, 'Jhalokati', 3, '2022-03-23 09:15:54'),
(29, 'Patuakhali', 3, '2022-03-23 09:15:54'),
(30, 'Pirojpur', 3, '2022-03-23 09:15:54'),
(31, 'Bagerhat', 4, '2022-03-23 09:15:54'),
(32, 'Chuadanga', 4, '2022-03-23 09:15:54'),
(33, 'Jessore', 4, '2022-03-23 09:15:54'),
(34, 'Jhenaidah', 4, '2022-03-23 09:15:54'),
(35, 'Khulna', 4, '2022-03-23 09:15:54'),
(36, 'Kushtia', 4, '2022-03-23 09:15:54'),
(37, 'Magura', 4, '2022-03-23 09:15:54'),
(38, 'Meherpur', 4, '2022-03-23 09:15:54'),
(39, 'Narail', 4, '2022-03-23 09:15:54'),
(40, 'Satkhira', 4, '2022-03-23 09:15:54'),
(41, 'Bogra', 5, '2022-03-23 09:15:54'),
(42, 'Joypurhat', 5, '2022-03-23 09:15:54'),
(43, 'Naogaon', 5, '2022-03-23 09:15:54'),
(44, 'Natore', 5, '2022-03-23 09:15:54'),
(45, 'Chapai Nawabganj', 5, '2022-03-23 09:15:54'),
(46, 'Pabna', 5, '2022-03-23 09:15:54'),
(47, 'Rajshahi', 5, '2022-03-23 09:15:54'),
(48, 'Sirajganj', 5, '2022-03-23 09:15:54'),
(49, 'Habiganj', 6, '2022-03-23 09:15:54'),
(50, 'Moulvibazar', 6, '2022-03-23 09:15:54'),
(51, 'Sunamganj', 6, '2022-03-23 09:15:54'),
(52, 'Sylhet', 6, '2022-03-23 09:15:54'),
(53, 'Dinajpur', 7, '2022-03-23 09:15:54'),
(54, 'Gaibandha', 7, '2022-03-23 09:15:54'),
(55, 'Kurigram', 7, '2022-03-23 09:15:54'),
(56, 'Lalmonirhat', 7, '2022-03-23 09:15:54'),
(57, 'Nilphamari', 7, '2022-03-23 09:15:54'),
(58, 'Panchagarh', 7, '2022-03-23 09:15:54'),
(59, 'Rangpur', 7, '2022-03-23 09:15:54'),
(60, 'Thakurgaon', 7, '2022-03-23 09:15:54'),
(61, 'Jamalpur', 8, '2022-03-23 09:15:54'),
(62, 'Mymensingh', 8, '2022-03-23 09:15:54'),
(63, 'Netrokona', 8, '2022-03-23 09:15:54'),
(64, 'Sherpur', 8, '2022-03-23 09:15:54');

-- --------------------------------------------------------

--
-- Table structure for table `division`
--

CREATE TABLE `division` (
  `id` int(11) NOT NULL,
  `name` varchar(150) NOT NULL,
  `created` timestamp NOT NULL DEFAULT current_timestamp() ON UPDATE current_timestamp()
) ENGINE=InnoDB DEFAULT CHARSET=utf8mb4;

--
-- Dumping data for table `division`
--

INSERT INTO `division` (`id`, `name`, `created`) VALUES
(1, 'Dhaka', '2022-03-23 07:03:56'),
(2, 'Chittagong', '2022-03-23 07:03:56'),
(3, 'Barisal', '2022-03-23 07:03:56'),
(4, 'Khulna', '2022-03-23 07:03:56'),
(5, 'Rajshahi', '2022-03-23 07:03:56'),
(6, 'Sylhet', '2022-03-23 07:03:56'),
(7, 'Rangpur', '2022-03-23 07:03:56'),
(8, 'Mymensingh', '2022-03-23 07:03:56'),
(10, 'Chandpur', '2022-04-02 09:00:38'),
(12, 'Rajbari', '2022-04-02 09:00:56'),
(13, 'Test', '2022-04-02 09:29:00'),
(14, 'Faridpur2222', '2022-04-04 08:41:59');

-- --------------------------------------------------------

--
-- Table structure for table `fav`
--

CREATE TABLE `fav` (
  `id` int(11) NOT NULL,
  `user_id` int(11) NOT NULL,
  `bookpost_id` int(11) NOT NULL,
  `created` timestamp NOT NULL DEFAULT current_timestamp()
) ENGINE=InnoDB DEFAULT CHARSET=utf8mb4;

--
-- Dumping data for table `fav`
--

INSERT INTO `fav` (`id`, `user_id`, `bookpost_id`, `created`) VALUES
(1, 2, 39, '2022-04-16 09:04:57'),
(3, 2, 38, '2022-04-16 09:05:36');

-- --------------------------------------------------------

--
-- Table structure for table `message`
--

CREATE TABLE `message` (
  `id` int(11) NOT NULL,
  `bookpost_id` int(11) NOT NULL,
  `selleruser_id` int(11) NOT NULL,
  `buyeruser_id` int(11) NOT NULL,
  `messages` varchar(512) NOT NULL,
  `created` timestamp NOT NULL DEFAULT current_timestamp() ON UPDATE current_timestamp()
) ENGINE=InnoDB DEFAULT CHARSET=utf8mb4;

-- --------------------------------------------------------

--
-- Table structure for table `profile`
--

CREATE TABLE `profile` (
  `id` int(11) NOT NULL,
  `user_id` int(11) NOT NULL,
  `status` varchar(255) NOT NULL,
  `image1` varchar(255) NOT NULL,
  `image2` varchar(255) NOT NULL,
  `lat` varchar(50) NOT NULL,
  `lng` varchar(50) NOT NULL,
  `aboutme` varchar(512) NOT NULL,
  `division_id` int(11) NOT NULL,
  `district_id` int(11) NOT NULL,
  `area_id` int(11) NOT NULL,
  `created` timestamp NOT NULL DEFAULT current_timestamp()
) ENGINE=InnoDB DEFAULT CHARSET=utf8mb4;

-- --------------------------------------------------------

--
-- Table structure for table `publications`
--

CREATE TABLE `publications` (
  `id` int(11) NOT NULL,
  `name` varchar(255) NOT NULL,
  `created` timestamp NOT NULL DEFAULT current_timestamp() ON UPDATE current_timestamp()
) ENGINE=InnoDB DEFAULT CHARSET=utf8mb4;

--
-- Dumping data for table `publications`
--

INSERT INTO `publications` (`id`, `name`, `created`) VALUES
(1, 'Janani Publication', '2022-03-28 12:34:06'),
(2, 'The Bookworm', '2022-03-28 12:34:06'),
(3, 'SEAN Publication', '2022-03-28 12:34:06'),
(4, 'Parma Publishers and Distributors', '2022-03-28 12:34:06'),
(5, 'Nymphea Publication', '2022-03-28 12:34:06'),
(6, 'Hakkani Publishers', '2022-03-28 12:34:06'),
(7, 'Adorn Publication', '2022-03-28 12:34:06'),
(8, 'Bangladesh Law Book Company', '2022-03-28 12:34:06'),
(9, 'Guardian Publications', '2022-03-28 12:34:06'),
(10, 'Tamralipi', '2022-03-28 12:34:06'),
(11, 'Little Magazine Kobitay Jagoron', '2022-03-28 12:34:06'),
(12, 'Prothoma', '2022-03-28 12:34:06'),
(13, 'Tawheed Publications', '2022-03-28 12:34:06'),
(14, 'Parash Publishers', '2022-03-28 12:34:06'),
(15, 'Pathak Shamabesh Centre', '2022-03-28 12:34:06'),
(16, 'Dipu Books and Publishers', '2022-03-28 12:34:06'),
(17, 'Mowla Brothers', '2022-03-28 12:34:06'),
(18, 'Seba Prokashoni', '2022-03-28 12:34:06'),
(19, 'Kathprokash', '2022-03-28 12:34:06'),
(20, 'Liton Publication', '2022-03-28 12:34:06'),
(21, 'Al Fatah Publications', '2022-03-28 12:34:06'),
(22, 'Banglayan', '2022-03-28 12:34:06'),
(23, 'Ahsan Publication', '2022-03-28 12:34:06'),
(24, 'Bangla Book', '2022-03-28 12:34:06'),
(25, 'Panjeree Publications Limited', '2022-03-28 12:34:06'),
(26, 'Bangladesh Co-operative Book Society Ltd', '2022-03-28 12:34:06'),
(27, 'Agamee Prakashani', '2022-03-28 12:34:06'),
(28, 'Bud Comprint & Publications', '2022-03-28 12:34:06'),
(29, 'Pendulum Publishers', '2022-03-28 12:34:06'),
(30, 'Progoti Publisher', '2022-03-28 12:34:06'),
(31, 'Muslim Village', '2022-03-28 12:34:06'),
(32, 'Bangladesh Publisher & Booksellers Association', '2022-03-28 12:34:06'),
(33, 'Pearl Publications', '2022-03-28 12:34:06'),
(34, 'Shomoy Prokashon', '2022-03-28 12:34:06'),
(35, 'Book House', '2022-03-28 12:34:06'),
(36, 'Bengal Lights', '2022-03-28 12:34:06'),
(37, 'Panjeree Publications Ltd.', '2022-03-28 12:34:06'),
(38, 'Journeyman Books', '2022-03-28 12:34:06'),
(39, 'Shaurov Publishers & Distributors', '2022-03-28 12:34:06'),
(40, 'Friends Book Corner Publication office', '2022-03-28 12:34:06'),
(41, 'A H Development Publishing House', '2022-03-28 12:34:06'),
(42, 'Darussalam Publication', '2022-03-28 12:34:06'),
(43, 'Kakoli Prokashoni', '2022-03-28 12:34:06'),
(44, 'Shahitya Prakash', '2022-03-28 12:34:06'),
(45, 'Maktabatul Islam', '2022-03-28 12:34:06'),
(46, 'Publishers & Booksellers', '2022-03-28 12:34:06'),
(47, 'The Bookworm', '2022-03-28 12:34:06'),
(48, 'Worthy Publications', '2022-03-28 12:34:06'),
(49, 'Boikhata.com.bd', '2022-03-28 12:34:06'),
(50, 'Rabya Book House', '2022-03-28 12:34:06'),
(51, 'Murdhonno Publication', '2022-03-28 12:34:06'),
(52, 'Student Ways', '2022-03-28 12:34:06'),
(53, 'Jupiter Publications', '2022-03-28 12:34:06'),
(54, 'Banglabazar Book Market', '2022-03-28 12:34:06'),
(55, 'Rodela Prokashoni', '2022-03-28 12:34:06'),
(56, 'Panjeri Publication Ltd.', '2022-03-28 12:34:06'),
(57, 'Nasib Publications', '2022-03-28 12:34:06'),
(58, 'Afsar Brothers', '2022-03-28 12:34:06'),
(59, 'Prothoma Prokashon', '2022-03-28 12:34:06'),
(60, 'Jatiyo Sahitto Prokash', '2022-03-28 12:34:06'),
(61, 'Annesha Prokashon', '2022-03-28 12:34:06'),
(62, 'Papyrus', '2022-03-28 12:34:06'),
(63, 'Shikha Prokashoni', '2022-03-28 12:34:06'),
(64, 'Kobi Prokashoni', '2022-03-28 12:34:06'),
(65, 'Universal Publications', '2022-03-28 12:34:06'),
(66, 'Kabir Publications', '2022-03-28 12:34:06'),
(67, 'Academia Publishing House Ltd', '2022-03-28 12:34:06'),
(68, 'Lubdhak Prokashon Ltd.', '2022-03-28 12:34:06'),
(69, 'Muktienterprise27gdec', '2022-03-28 12:34:06'),
(70, 'Nobojug Prokashani', '2022-03-28 12:34:06'),
(71, 'Modern Publications', '2022-03-28 12:34:06'),
(72, 'Anannya Prokashoni', '2022-03-28 12:34:06'),
(73, 'The Jamuna Publishers', '2022-03-28 12:34:06'),
(74, 'Graphosman Publication', '2022-03-28 12:34:06'),
(75, 'Jaitya Sahitya Prokashanee', '2022-03-28 12:34:06'),
(76, 'Suchayani Publishers', '2022-03-28 12:34:06'),
(77, 'Paragon Publishers', '2022-03-28 12:34:06'),
(78, 'Ananda Book Supply-2', '2022-03-28 12:34:06'),
(79, 'eBoighar', '2022-03-28 12:34:06'),
(80, 'Jhinuk Prokashoni', '2022-03-28 12:34:06'),
(81, 'Pillars Publications', '2022-03-28 12:34:06'),
(82, 'Mashik Madina Publications', '2022-03-28 12:34:06'),
(83, 'Anupam Prakashani', '2022-03-28 12:34:06'),
(84, 'Academic Press and Publishers', '2022-03-28 12:34:06'),
(85, 'Bishwa Bichitra', '2022-03-28 12:34:06'),
(86, 'Oitijjo', '2022-03-28 12:34:06'),
(87, 'Shaurov Publishers & Distributors', '2022-03-28 12:34:06'),
(88, 'Md Jakir Hossain', '2022-03-28 12:34:06'),
(89, 'Professor\'s Publications', '2022-03-28 12:34:06'),
(90, 'Royal Publishers', '2022-03-28 12:34:06'),
(91, 'Nilkhet Books Market', '2022-03-28 12:34:06'),
(92, 'Gyangriha Prokashoni', '2022-03-28 12:34:06'),
(93, 'Nawroze Sahitya Samvar', '2022-03-28 12:34:06'),
(94, 'The Model Publishers', '2022-03-28 12:34:06'),
(95, 'Gyankosh', '2022-03-28 12:34:06'),
(96, 'Joy Publishers', '2022-03-28 12:34:06'),
(97, 'Hemal Publications', '2022-03-28 12:34:06'),
(98, 'Foysal Publishers', '2022-03-28 12:34:06'),
(99, 'Jonaki Prokashoni', '2022-03-28 12:34:06'),
(100, 'Utsho Prokashon', '2022-03-28 12:34:06'),
(101, 'The University Press Limited', '2022-03-28 12:34:06'),
(102, 'Paper Voyager Publications', '2022-03-28 12:34:06'),
(103, 'Muhammad Brothers', '2022-03-28 12:34:06'),
(104, 'Bishwa Kosh', '2022-03-28 12:34:06'),
(105, 'Ahmed Publishing House', '2022-03-28 12:34:06'),
(106, 'Omicon Publishing House', '2022-03-28 12:34:06'),
(107, 'Cintasutro ', '2022-03-28 12:34:06'),
(108, 'Rupok Book House', '2022-03-28 12:34:06'),
(109, 'Rubi Enterprise', '2022-03-28 12:34:06'),
(110, 'Boitaranga', '2022-03-28 12:34:06'),
(111, 'Seagull Publications', '2022-03-28 12:34:06'),
(112, 'Bangladesh Taj Company Ltd', '2022-03-28 12:34:06'),
(113, 'Hasan Book Depot', '2022-03-28 12:34:06'),
(114, 'Life Publishers', '2022-03-28 12:34:06'),
(115, 'Mullick & Brothers', '2022-03-28 12:34:06'),
(116, 'Nobel Publishing House', '2022-03-28 12:34:06'),
(117, 'Panjery Publications Ltd.', '2022-03-28 12:34:06'),
(118, 'Tamanna Book House', '2022-03-28 12:34:06'),
(119, 'Gazi Prokashani', '2022-03-28 12:34:06'),
(120, 'Bengal Boi', '2022-03-28 12:34:06'),
(121, 'Progati Publishers', '2022-03-28 12:34:06'),
(122, 'HAB International', '2022-03-28 12:34:06'),
(123, 'Anindya Prokash', '2022-03-28 12:34:06'),
(124, 'Bidhyalay Publications', '2022-03-28 12:34:06'),
(125, 'Book Publication', '2022-03-28 12:34:06'),
(126, 'Isabela.com.bd', '2022-03-28 12:34:06'),
(127, 'BoiBazar.com', '2022-03-28 12:34:06'),
(128, 'Book Point', '2022-03-28 12:34:06'),
(129, 'Nilkhet Modern Library', '2022-03-28 12:34:06'),
(130, 'Shova Prokash', '2022-03-28 12:34:06'),
(131, 'Dhaka Comics Studios', '2022-03-28 12:34:06'),
(132, 'Bright Publishers', '2022-03-28 12:34:06'),
(133, 'Allied Book Center', '2022-03-28 12:34:06'),
(134, 'The Bangladesh Book Corner', '2022-03-28 12:34:06'),
(135, 'Bangladesh Islamic Centre', '2022-03-28 12:34:06'),
(136, 'Redleaf Publishing', '2022-03-28 12:34:06'),
(137, 'The University Press Limited', '2022-03-28 12:34:06'),
(138, 'Joyotee', '2022-03-28 12:34:06');

-- --------------------------------------------------------

--
-- Table structure for table `subcategories`
--

CREATE TABLE `subcategories` (
  `id` int(11) NOT NULL,
  `name` varchar(255) NOT NULL,
  `category_id` int(11) NOT NULL,
  `created` timestamp NOT NULL DEFAULT current_timestamp() ON UPDATE current_timestamp()
) ENGINE=InnoDB DEFAULT CHARSET=utf8mb4;

--
-- Dumping data for table `subcategories`
--

INSERT INTO `subcategories` (`id`, `name`, `category_id`, `created`) VALUES
(1, 'Contemporary Novels', 1, '2022-03-31 10:21:32'),
(2, 'Classical Novels', 1, '2022-03-31 10:21:32'),
(3, 'Romantic Novel', 1, '2022-03-31 10:21:32'),
(4, 'Political & Liberation War Based Novels', 1, '2022-03-31 10:21:32'),
(5, 'Children\'s Novels', 1, '2022-03-31 10:21:32'),
(6, 'Thriller & Adventure Novel', 1, '2022-03-31 10:21:32'),
(7, 'Historical Novel', 1, '2022-03-31 10:21:32'),
(8, 'Islamic Novelsy', 1, '2022-03-31 10:21:32'),
(9, 'Translated Novel', 1, '2022-03-31 10:21:32'),
(10, 'Novel Compilation & Whole', 1, '2022-03-31 10:21:32'),
(11, 'English Language Novels', 1, '2022-03-31 10:21:32'),
(12, 'Mystery & Detective Novels', 1, '2022-03-31 10:21:32'),
(13, 'Supernatural & Ghost Novels', 1, '2022-03-31 10:21:32'),
(14, 'Novels of West Bengal', 1, '2022-03-31 10:21:32'),
(15, 'Delightful Novel', 1, '2022-03-31 10:21:32'),
(16, 'Biographical Novels', 1, '2022-03-31 10:21:32'),
(17, 'Parapsychological Novels', 1, '2022-03-31 10:21:32'),
(18, 'Travel Novels', 1, '2022-03-31 10:21:32'),
(19, 'Quran & Tafsir', 2, '2022-03-31 10:21:32'),
(20, 'Hadith & Sunnah', 2, '2022-03-31 10:21:32'),
(21, 'Discussion on Quran', 2, '2022-03-31 10:21:32'),
(22, 'Discussion on Hadith', 2, '2022-03-31 10:21:32'),
(23, 'Rasul 6 in Sirat', 2, '2022-03-31 10:21:32'),
(24, 'Nabi-Rasul, Sahaba, Tabei & Oli-Awlia', 2, '2022-03-31 10:21:32'),
(25, 'Salat', 2, '2022-03-31 10:21:32'),
(26, 'Fasting', 2, '2022-03-31 10:21:32'),
(27, 'Hajj-Umrah & Sacrifice', 2, '2022-03-31 10:21:32'),
(28, 'Zakat', 2, '2022-03-31 10:21:32'),
(29, 'Islamic Territories, Governance & Politics', 2, '2022-03-31 10:21:32'),
(30, 'Arabic & Urdu', 2, '2022-03-31 10:21:32'),
(31, 'Death, The Hereafter & Paradise-Hell', 2, '2022-03-31 10:21:32'),
(32, 'Arabic Education', 2, '2022-03-31 10:21:32'),
(33, 'Islamic Law, Fatwa & Jurisprudence', 2, '2022-03-31 10:21:32'),
(34, 'Islamic Economy & Trade', 2, '2022-03-31 10:21:32'),
(35, 'Islamic Philosophy', 2, '2022-03-31 10:21:32'),
(36, 'Helper of Islamic Amal & Amal', 2, '2022-03-31 10:21:32'),
(37, 'Contemporary', 2, '2022-03-31 10:21:32'),
(38, 'Islamic Rules & Regulations', 2, '2022-03-31 10:21:32'),
(39, 'The Context of Islam', 2, '2022-03-31 10:21:32'),
(40, 'Invitation, Preaching, Speech, Discussion & Waz', 2, '2022-03-31 10:21:32'),
(41, 'Personal & Family Life', 2, '2022-03-31 10:21:32'),
(42, 'Islamic Ideology & Doctrine', 2, '2022-03-31 10:21:32'),
(43, 'Spirituality & Sufism', 2, '2022-03-31 10:21:32'),
(44, 'Islamic history & Tradition', 2, '2022-03-31 10:21:32'),
(45, 'Islamic English Books', 2, '2022-03-31 10:21:32'),
(46, 'Islamic Books for Children & Teenagers', 2, '2022-03-31 10:21:32'),
(47, 'Islamic literature', 2, '2022-03-31 10:21:32'),
(48, 'Islamic & Sirat Encyclopedia', 2, '2022-03-31 10:21:32'),
(49, 'Islamic Studies (Textbook)', 2, '2022-03-31 10:21:32'),
(50, 'Muslim Personality', 2, '2022-03-31 10:21:32'),
(51, 'Doa, Darood & Zikr', 2, '2022-03-31 10:21:32'),
(52, 'Special Days & Events of Islam', 2, '2022-03-31 10:21:32'),
(53, 'Islamic Miscellaneous Books', 2, '2022-03-31 10:21:32'),
(54, 'Islamic Questions & Answers', 2, '2022-03-31 10:21:32'),
(55, 'Iman, Aqeedah & Tawbah', 2, '2022-03-31 10:21:32'),
(56, 'Women in Islam', 2, '2022-03-31 10:21:32'),
(57, 'Islamic Research, Criticism & Essays', 2, '2022-03-31 10:21:32'),
(58, 'Islamic Translation Books', 2, '2022-03-31 10:21:32'),
(59, 'Islam & The Contemporary World', 2, '2022-03-31 10:21:32'),
(60, 'Islam & Bangladesh', 2, '2022-03-31 10:21:32'),
(61, 'Islamic Architecture & Culture', 2, '2022-03-31 10:21:32'),
(62, 'Islam & Science', 2, '2022-03-31 10:21:32'),
(63, 'Islamic Books: Self-Development', 2, '2022-03-31 10:21:32'),
(64, 'Islamic Medicine & Hygiene', 2, '2022-03-31 10:21:32'),
(65, 'PSC', 3, '2022-03-31 10:21:32'),
(66, 'JSC', 3, '2022-03-31 10:21:32'),
(67, 'SSC', 3, '2022-03-31 10:21:32'),
(68, 'HSC', 3, '2022-03-31 10:21:32'),
(69, 'Graduate', 3, '2022-03-31 10:21:32'),
(70, 'Post Graduate', 3, '2022-03-31 10:21:32'),
(71, 'Mystery and Detective', 4, '2022-03-31 10:21:32'),
(72, 'Children Adventure', 4, '2022-03-31 10:21:32'),
(73, 'Supernatural', 4, '2022-03-31 10:21:32'),
(74, 'Thriller', 4, '2022-03-31 10:21:32'),
(75, 'Myths &Legends', 4, '2022-03-31 10:21:32'),
(76, 'Drama Criticism & Others', 5, '2022-03-31 10:21:32'),
(77, 'Translation: Drama Book', 5, '2022-03-31 10:21:32'),
(78, 'Tragedy', 6, '2022-03-31 10:21:32'),
(79, 'Shara', 7, '2022-03-31 10:21:32'),
(80, 'Poetry', 7, '2022-03-31 10:21:32'),
(81, 'Poetry Garden', 7, '2022-03-31 10:21:32'),
(82, 'Recitation & Art Techniques', 7, '2022-03-31 10:21:32'),
(83, 'Collection of Poems & The Whole', 7, '2022-03-31 10:21:32'),
(84, 'Science Fiction', 8, '2022-03-31 10:21:32'),
(85, 'Translation Science Fiction', 8, '2022-03-31 10:21:32'),
(86, 'Science Fiction Whole or Compilation', 8, '2022-03-31 10:21:32'),
(87, 'Historical Romance', 9, '2022-03-31 10:21:32'),
(88, 'Romantic Suspense', 9, '2022-03-31 10:21:32'),
(89, 'Inspirational Romance', 9, '2022-03-31 10:21:32'),
(90, 'Speculative Romance', 9, '2022-03-31 10:21:32'),
(91, 'Romantic', 9, '2022-03-31 10:21:32'),
(92, 'Horror', 10, '2022-03-31 10:21:32'),
(93, 'History of Ancient Civilization', 11, '2022-03-31 10:21:32'),
(94, 'History of The Indian Subcontinent', 11, '2022-03-31 10:21:32'),
(95, 'Asia', 11, '2022-03-31 10:21:32'),
(96, 'Europe', 11, '2022-03-31 10:21:32'),
(97, 'History of Africa', 11, '2022-03-31 10:21:32'),
(98, 'Muslim History', 11, '2022-03-31 10:21:32'),
(99, 'Asia', 11, '2022-03-31 10:21:32'),
(100, 'Stock Market', 12, '2022-03-31 10:21:32'),
(101, 'Economy', 12, '2022-03-31 10:21:32'),
(102, 'Banking & Finance', 12, '2022-03-31 10:21:32'),
(103, 'Accounting', 12, '2022-03-31 10:21:32'),
(104, 'Statistics', 12, '2022-03-31 10:21:32'),
(105, 'Banking Diploma', 12, '2022-03-31 10:21:32'),
(106, 'Business Laws & Regulations', 12, '2022-03-31 10:21:32'),
(107, 'Magazine', 13, '2022-03-31 10:21:32'),
(108, 'General Knowladge', 14, '2022-03-31 10:21:32'),
(109, 'Sports', 15, '2022-03-31 10:21:32'),
(110, 'Health & Fitness', 16, '2022-03-31 10:21:32'),
(111, 'Journal', 17, '2022-03-31 10:21:32'),
(112, 'Travel', 18, '2022-03-31 10:21:32'),
(113, 'Philosophy', 19, '2022-03-31 10:21:32'),
(114, 'Recipe', 20, '2022-03-31 10:21:32'),
(115, 'Miscellaneous Books on Cooking', 20, '2022-03-31 10:21:32'),
(116, 'Food & Nutrition', 20, '2022-03-31 10:21:32'),
(117, 'Governance', 21, '2022-03-31 10:21:32'),
(118, 'Revolution & Rebellion', 21, '2022-03-31 10:21:32'),
(119, 'Regionally', 21, '2022-03-31 10:21:32'),
(120, 'Theory & Philosophy', 21, '2022-03-31 10:21:32'),
(121, 'Political Conspiracies & Assassinations', 21, '2022-03-31 10:21:32'),
(122, 'International Politics', 21, '2022-03-31 10:21:32'),
(123, 'Cultivation of Crops & Vegetables', 22, '2022-03-31 10:21:32'),
(124, 'Gardening Flower & Fruit Cultivation', 22, '2022-03-31 10:21:32'),
(125, 'Cattle', 22, '2022-03-31 10:21:32'),
(126, 'Ducks, Chickens & Birds', 22, '2022-03-31 10:21:32'),
(127, 'Agricultural Technology & Economics', 22, '2022-03-31 10:21:32'),
(128, 'Fisheries', 22, '2022-03-31 10:21:32'),
(129, 'Agricultural Articles & Miscellaneous', 22, '2022-03-31 10:21:32'),
(130, 'Computer, Freelancing and Programming', 23, '2022-03-31 10:21:32'),
(131, 'Freelancing & Outsourcing', 23, '2022-03-31 10:21:32'),
(132, 'Computer, Computer Programming', 23, '2022-03-31 10:21:32'),
(133, 'Computer, Basic Computer', 23, '2022-03-31 10:21:32'),
(134, 'Computer hacking', 23, '2022-03-31 10:21:32'),
(135, 'Internet', 23, '2022-03-31 10:21:32'),
(136, 'Graphics Design & Multimedia', 23, '2022-03-31 10:21:32'),
(137, 'Web Design & Development', 23, '2022-03-31 10:21:32'),
(138, 'SEO', 23, '2022-03-31 10:21:32'),
(139, 'Software', 23, '2022-03-31 10:21:32'),
(140, 'Hardware and Troubleshooting', 23, '2022-03-31 10:21:32'),
(141, 'Computer Education for Children', 23, '2022-03-31 10:21:32'),
(142, 'Operating System', 23, '2022-03-31 10:21:32'),
(143, 'Networking', 23, '2022-03-31 10:21:32'),
(144, 'Management Information System', 23, '2022-03-31 10:21:32'),
(145, 'Articles & Research on IT', 23, '2022-03-31 10:21:32');

-- --------------------------------------------------------

--
-- Table structure for table `users`
--

CREATE TABLE `users` (
  `id` int(11) NOT NULL,
  `full_name` varchar(255) NOT NULL,
  `mobile` varchar(30) NOT NULL,
  `password` varchar(255) NOT NULL,
  `role` int(11) NOT NULL DEFAULT 1,
  `created` timestamp NOT NULL DEFAULT current_timestamp()
) ENGINE=InnoDB DEFAULT CHARSET=utf8mb4;

--
-- Dumping data for table `users`
--

INSERT INTO `users` (`id`, `full_name`, `mobile`, `password`, `role`, `created`) VALUES
(1, 'Syed Zayed Hossain', '01629999666', '$2y$10$tK1NGcNsfyQ1c4HYOTS4f.zI1TeYyecmMuFJ2.hAXWEpkalMJGb7.', 2, '2022-03-22 18:01:43'),
(2, 'Tamimul Islam', '01912345678', '$2y$10$gOtE4AROe3SIVQuidzqJke32e.k.9Y3.mFblFpwL5YK/1ty7MXjuC', 1, '2022-03-22 18:02:06'),
(3, 'Shariful Islam', '01712345678', '$2y$10$.GiuaJkvh3bpF07HxoTLGOJK6lL9mSboTuBtxY9.aNotfGuwctc2S', 2, '2022-03-22 18:02:18'),
(4, 'Mohsin Ahmed', '01512345678', '$2y$10$sMjpc1p1CMNPxMtO4OSdyedsutmkwGEAYlBC8VmlDDMnfB2XsQR46', 1, '2022-03-22 18:02:28'),
(5, 'Tasnim Al Rahman', '01812345678', '$2y$10$Zfa.22nTliappGnyIu8t4.3BHr9GZVzByusz/GpusgqetZFwDD7i2', 1, '2022-03-22 18:03:11'),
(6, 'Adnan Hossine', '01670270120', '$2y$10$.D0KskUU7bsVMaEQFagAc.o24cxS8puvtSiY44il79ZSLURJJXo32', 1, '2022-04-10 08:05:44'),
(8, 'Irin Binte Abbas', '01995793975', '$2y$10$dqcJkZMgA90pyCjRAji9EelSBbSLRZUgijK789hUQK/Wda0n76zjC', 1, '2022-04-10 08:10:26'),
(10, 'Anjuman ', '01904325619', '$2y$10$6IoSNdyoUOVwDEGZmyubOOD2IX0txWn7ltQfowkI0IgkyC4feE1yG', 1, '2022-04-11 08:57:11'),
(14, 'Mominul Islam', '01312345678', '$2y$10$G8LEJ9eZtmYIzNZHOde1ZeE617VJPwKURR9QlvLaT5rxbC42aUbnW', 1, '2022-04-11 08:59:49'),
(15, 'Sadheen Hossain', '01911977900', '$2y$10$AbHqW3ZE/BVvKEtcm13gVe7fowikHa0KrOILSEtMOZnMt1cIWT5pK', 1, '2022-04-11 09:01:31');

-- --------------------------------------------------------

--
-- Table structure for table `usersprofile`
--

CREATE TABLE `usersprofile` (
  `id` int(11) NOT NULL,
  `user_id` int(11) NOT NULL,
  `details` varchar(512) NOT NULL,
  `fbid` varchar(255) NOT NULL,
  `ytlink` varchar(255) NOT NULL,
  `profile_image` varchar(200) NOT NULL,
  `created` timestamp NOT NULL DEFAULT current_timestamp() ON UPDATE current_timestamp()
) ENGINE=InnoDB DEFAULT CHARSET=utf8mb4;

--
-- Indexes for dumped tables
--

--
-- Indexes for table `area`
--
ALTER TABLE `area`
  ADD PRIMARY KEY (`id`),
  ADD KEY `division_id` (`division_id`),
  ADD KEY `district_id` (`district_id`);

--
-- Indexes for table `author`
--
ALTER TABLE `author`
  ADD PRIMARY KEY (`id`);

--
-- Indexes for table `bookposts`
--
ALTER TABLE `bookposts`
  ADD PRIMARY KEY (`id`),
  ADD KEY `user_id` (`user_id`),
  ADD KEY `category_id` (`category_id`),
  ADD KEY `subcategory_id` (`subcategory_id`),
  ADD KEY `division_id` (`division_id`),
  ADD KEY `district_id` (`district_id`),
  ADD KEY `area_id` (`area_id`),
  ADD KEY `author_id` (`author_id`),
  ADD KEY `publications_id` (`publications_id`);

--
-- Indexes for table `categories`
--
ALTER TABLE `categories`
  ADD PRIMARY KEY (`id`);

--
-- Indexes for table `district`
--
ALTER TABLE `district`
  ADD PRIMARY KEY (`id`),
  ADD KEY `division_id` (`division_id`);

--
-- Indexes for table `division`
--
ALTER TABLE `division`
  ADD PRIMARY KEY (`id`);

--
-- Indexes for table `fav`
--
ALTER TABLE `fav`
  ADD PRIMARY KEY (`id`),
  ADD UNIQUE KEY `user_book` (`user_id`,`bookpost_id`);

--
-- Indexes for table `message`
--
ALTER TABLE `message`
  ADD PRIMARY KEY (`id`),
  ADD KEY `bookpost_id` (`bookpost_id`);

--
-- Indexes for table `profile`
--
ALTER TABLE `profile`
  ADD PRIMARY KEY (`id`),
  ADD KEY `user_id` (`user_id`),
  ADD KEY `division_id` (`division_id`),
  ADD KEY `district_id` (`district_id`),
  ADD KEY `area_id` (`area_id`);

--
-- Indexes for table `publications`
--
ALTER TABLE `publications`
  ADD PRIMARY KEY (`id`);

--
-- Indexes for table `subcategories`
--
ALTER TABLE `subcategories`
  ADD PRIMARY KEY (`id`),
  ADD KEY `category_id` (`category_id`);

--
-- Indexes for table `users`
--
ALTER TABLE `users`
  ADD PRIMARY KEY (`id`),
  ADD UNIQUE KEY `mobile` (`mobile`);

--
-- Indexes for table `usersprofile`
--
ALTER TABLE `usersprofile`
  ADD PRIMARY KEY (`id`),
  ADD KEY `user_id` (`user_id`);

--
-- AUTO_INCREMENT for dumped tables
--

--
-- AUTO_INCREMENT for table `area`
--
ALTER TABLE `area`
  MODIFY `id` int(11) NOT NULL AUTO_INCREMENT, AUTO_INCREMENT=536;

--
-- AUTO_INCREMENT for table `author`
--
ALTER TABLE `author`
  MODIFY `id` int(11) NOT NULL AUTO_INCREMENT, AUTO_INCREMENT=92;

--
-- AUTO_INCREMENT for table `bookposts`
--
ALTER TABLE `bookposts`
  MODIFY `id` int(11) NOT NULL AUTO_INCREMENT, AUTO_INCREMENT=41;

--
-- AUTO_INCREMENT for table `categories`
--
ALTER TABLE `categories`
  MODIFY `id` int(11) NOT NULL AUTO_INCREMENT, AUTO_INCREMENT=43;

--
-- AUTO_INCREMENT for table `district`
--
ALTER TABLE `district`
  MODIFY `id` int(11) NOT NULL AUTO_INCREMENT, AUTO_INCREMENT=65;

--
-- AUTO_INCREMENT for table `division`
--
ALTER TABLE `division`
  MODIFY `id` int(11) NOT NULL AUTO_INCREMENT, AUTO_INCREMENT=15;

--
-- AUTO_INCREMENT for table `fav`
--
ALTER TABLE `fav`
  MODIFY `id` int(11) NOT NULL AUTO_INCREMENT, AUTO_INCREMENT=5;

--
-- AUTO_INCREMENT for table `message`
--
ALTER TABLE `message`
  MODIFY `id` int(11) NOT NULL AUTO_INCREMENT;

--
-- AUTO_INCREMENT for table `profile`
--
ALTER TABLE `profile`
  MODIFY `id` int(11) NOT NULL AUTO_INCREMENT;

--
-- AUTO_INCREMENT for table `publications`
--
ALTER TABLE `publications`
  MODIFY `id` int(11) NOT NULL AUTO_INCREMENT, AUTO_INCREMENT=139;

--
-- AUTO_INCREMENT for table `subcategories`
--
ALTER TABLE `subcategories`
  MODIFY `id` int(11) NOT NULL AUTO_INCREMENT, AUTO_INCREMENT=146;

--
-- AUTO_INCREMENT for table `users`
--
ALTER TABLE `users`
  MODIFY `id` int(11) NOT NULL AUTO_INCREMENT, AUTO_INCREMENT=18;

--
-- AUTO_INCREMENT for table `usersprofile`
--
ALTER TABLE `usersprofile`
  MODIFY `id` int(11) NOT NULL AUTO_INCREMENT;

--
-- Constraints for dumped tables
--

--
-- Constraints for table `area`
--
ALTER TABLE `area`
  ADD CONSTRAINT `area_ibfk_1` FOREIGN KEY (`division_id`) REFERENCES `division` (`id`) ON UPDATE CASCADE,
  ADD CONSTRAINT `area_ibfk_2` FOREIGN KEY (`district_id`) REFERENCES `district` (`id`) ON UPDATE CASCADE;

--
-- Constraints for table `bookposts`
--
ALTER TABLE `bookposts`
  ADD CONSTRAINT `bookposts_ibfk_1` FOREIGN KEY (`user_id`) REFERENCES `users` (`id`) ON UPDATE CASCADE,
  ADD CONSTRAINT `bookposts_ibfk_2` FOREIGN KEY (`category_id`) REFERENCES `categories` (`id`) ON UPDATE CASCADE,
  ADD CONSTRAINT `bookposts_ibfk_3` FOREIGN KEY (`subcategory_id`) REFERENCES `subcategories` (`id`) ON UPDATE CASCADE,
  ADD CONSTRAINT `bookposts_ibfk_4` FOREIGN KEY (`division_id`) REFERENCES `division` (`id`) ON UPDATE CASCADE,
  ADD CONSTRAINT `bookposts_ibfk_5` FOREIGN KEY (`district_id`) REFERENCES `district` (`id`) ON UPDATE CASCADE,
  ADD CONSTRAINT `bookposts_ibfk_6` FOREIGN KEY (`area_id`) REFERENCES `area` (`id`) ON UPDATE CASCADE,
  ADD CONSTRAINT `bookposts_ibfk_7` FOREIGN KEY (`author_id`) REFERENCES `author` (`id`) ON UPDATE CASCADE,
  ADD CONSTRAINT `bookposts_ibfk_8` FOREIGN KEY (`publications_id`) REFERENCES `publications` (`id`) ON UPDATE CASCADE;

--
-- Constraints for table `district`
--
ALTER TABLE `district`
  ADD CONSTRAINT `district_ibfk_1` FOREIGN KEY (`division_id`) REFERENCES `division` (`id`) ON UPDATE CASCADE;

--
-- Constraints for table `profile`
--
ALTER TABLE `profile`
  ADD CONSTRAINT `profile_ibfk_1` FOREIGN KEY (`user_id`) REFERENCES `users` (`id`) ON UPDATE CASCADE,
  ADD CONSTRAINT `profile_ibfk_2` FOREIGN KEY (`division_id`) REFERENCES `division` (`id`) ON UPDATE CASCADE,
  ADD CONSTRAINT `profile_ibfk_3` FOREIGN KEY (`district_id`) REFERENCES `district` (`id`) ON UPDATE CASCADE,
  ADD CONSTRAINT `profile_ibfk_4` FOREIGN KEY (`area_id`) REFERENCES `area` (`id`) ON UPDATE CASCADE;

--
-- Constraints for table `subcategories`
--
ALTER TABLE `subcategories`
  ADD CONSTRAINT `subcategories_ibfk_1` FOREIGN KEY (`category_id`) REFERENCES `categories` (`id`) ON UPDATE CASCADE;

--
-- Constraints for table `usersprofile`
--
ALTER TABLE `usersprofile`
  ADD CONSTRAINT `usersprofile_ibfk_1` FOREIGN KEY (`user_id`) REFERENCES `users` (`id`) ON UPDATE CASCADE;
COMMIT;

/*!40101 SET CHARACTER_SET_CLIENT=@OLD_CHARACTER_SET_CLIENT */;
/*!40101 SET CHARACTER_SET_RESULTS=@OLD_CHARACTER_SET_RESULTS */;
/*!40101 SET COLLATION_CONNECTION=@OLD_COLLATION_CONNECTION */;
